{"version":162,"hash":{"type":"Buffer","data":"vRDpUZaxK2rJ43CZK3yDGSVNx81E8yZSG/oyoT7fhZhE+ltcch7n/6g72zyS5UFc/jvi+FVl2VMEBBR8fUq8GgNXzMJrG/35tMj3pdnwRsIK7O57XoHR+FLFR60iJqWhApbWydUOvi71Hk2JsG6LasVyaQA6hbx79uXLxynJ1Xw="},"indexValueMap":{"AqTGo8lzaTC7ma0W03765N0e8W3GYV1AIkDsDdZmAKY=":{"valueMac":{"type":"Buffer","data":"v8ak8GJag4MKmVB46QRS+vYMS4nlkdC7KxiIwvDxvRU="}},"AvZHVO+fgzbH7ZB1tAlO2iBXXqpXDboNPUkoYV82hDc=":{"valueMac":{"type":"Buffer","data":"oqWoD0ajB+y9WjwdVfPfWq2Cv35I+BP9SgMl/dan9j8="}},"BpdHm1BfJRyRdc0KvJ19Q8kimyXX0vFq8EFXVu+Qu/Q=":{"valueMac":{"type":"Buffer","data":"/ToD/ALD9bZFJdrTiKxyNSD0YNylFJluEa7m1StWaes="}},"Bp1logTRUBpOSqK0ZSkmt7y8zOzaSY9ARwmB6dSY79Q=":{"valueMac":{"type":"Buffer","data":"cTsSNN6kCzQqLb/UV7qK9VfkAUB5K2jL8t9PUWaFAhs="}},"CGzws2z5RA7+vdIp4Mbkd1GNn6nnPm6VAVLTw280w4U=":{"valueMac":{"type":"Buffer","data":"xPkbBi9uxEQIPf45RSVN3L0XUf2OEcfnQE/1rFXB1Xw="}},"CRpqzlenQ15D/5tBTvImbuyedGm6v/qOzXAi2IGp10o=":{"valueMac":{"type":"Buffer","data":"bBqNR1BOz+sFGwFVBg1y3PEeUi9OxJUUPBceLt4m0QQ="}},"CdmyLOvujd0Ci/c25gaYbZ/GEEPURrimEvpt0ChGQ+o=":{"valueMac":{"type":"Buffer","data":"AGEEUgHVd3Hh6AysHyDEG7WhsliyFwsFkeIK0aTfI1A="}},"Cv8FN1jE0CQlSqJp3vLIABgQU4hwGi3pfLFF7+sr1mE=":{"valueMac":{"type":"Buffer","data":"ffiM/dIphH9YwQeJdPaQ1Q2CHxhRiwMCbpcBTPYCfCg="}},"CzAkFUyKUyRXtLPU57v2F8TVdCKk22BxIJB2hIpGWlM=":{"valueMac":{"type":"Buffer","data":"orb4Yt4GddNWs5DDenY1wcAH1hdBO7p8728Ex+a3YOo="}},"C1xc/KUCClScibWXVqCDg2IGVqr5MPHl0T7P7ejZYwk=":{"valueMac":{"type":"Buffer","data":"9H7b9yqQdWaE/2IN3vGW+IdnWtVQSSyibzT757/Sr0E="}},"C2eNduwdM5/yb8W/XT6/SxRBTwJeBGHE7bx/vT0lFdY=":{"valueMac":{"type":"Buffer","data":"xOLixfTvTY2LLv00IGOS4Z6LwkiC7qFiEtHjvmNTVuU="}},"DK/vAjRaW16JFfXesdyyktPkDJbpE9h2Ch33jJg450o=":{"valueMac":{"type":"Buffer","data":"f5bPtSAWs1WxR5pki1P5E8gvd5eVMikk6ODCVch+8Zc="}},"DUxxe9OS79ICk+d+gWUGtJwhcWUkjPoX6AEuJaRNqAM=":{"valueMac":{"type":"Buffer","data":"Pg6BLrmYMeq1pPF+RkwO5XQvzoypI+sB3sZ/sq/35Ds="}},"DVKV2FCalGXy+E7Zd0OU5XPLx8zjEKXF3sh9XIcaFuM=":{"valueMac":{"type":"Buffer","data":"b0zSb1ItjTkc80kSEefIR6FDWI7fmPl6LYeS7gQvbOQ="}},"D2Pmng8ow2ONIuOymGC97bEFRY3pX36CwV7KhpOdXaI=":{"valueMac":{"type":"Buffer","data":"hwY7y5QoeQ9lRf33vc/G/dT8R5BV5Bee71PwxDRMZCk="}},"EADiUbT+81v4vrnIpWG8Jd4efwskdwFtdLJCvXX9VUI=":{"valueMac":{"type":"Buffer","data":"lfYsPY/3dAKSwD+g0W7gU/hz55sl7dqZSFZsdV2VYNI="}},"EW9wEkNWjFAAOogWKbIz6/5pUPyXoSbkCrClgw+6Y24=":{"valueMac":{"type":"Buffer","data":"rr9SpmuXjHfLmzbQtnbfwwiH3ESaofVAEbgxRx4B7lM="}},"EjuRGejzMZAX7qBiRDAyveW7uekLIz0QOk8tDJF5xig=":{"valueMac":{"type":"Buffer","data":"rjONx6RmgkrpljTEtk5onMqYCzLBA9fUpgNIbPvYHGY="}},"EwSRgH50t2zmWJdMI+o56n3GtVfsGn9Wd5n+pgDv12I=":{"valueMac":{"type":"Buffer","data":"vMf68CFTicRdvx0hz5fS38T62kfUExMCIL2qetPx/Oo="}},"FDacpdA/aTUWkjNCzEsF3pvTSeEOpryOzsUvvDqT/G8=":{"valueMac":{"type":"Buffer","data":"4JU842/jjO5rO1ruZ9I2J/NATTru2AwCe1243dyrgRc="}},"FO0CsvaJi9FHE4bwitJLml75m5NHSeyKHbmZ4B3ykUk=":{"valueMac":{"type":"Buffer","data":"XJt6NhS0lmLqZMTa6HWoVmYCi4nltVuefPLCk4yiDh0="}},"FWwvk/1worX2xpaVsrgEedOJ+1LxyhZIWaZ3TVEskj8=":{"valueMac":{"type":"Buffer","data":"CU9IiLh6rira9IO/9uHi9sCFAf8xlZwCI+bhFcwuZqk="}},"Ffp4Goiq7zoh7BvKemfTdbEgALqRCJPNBE3rRif04TQ=":{"valueMac":{"type":"Buffer","data":"VKe7JTnP9LkaFpp80lDg31/+oG8TqXIP2+wsttHoSbo="}},"FgFDPDK6+jjJVJEVH6eJP0p9J+nRt3mEY0tVEdgwtyk=":{"valueMac":{"type":"Buffer","data":"lft9+Z+IiS7ZenSAIKDagiUyrR8vBNOhoBnKTeIJLqc="}},"FgxJ6eXas16bvHkti4CXlCmmt7slSw02ZYhryHY2u9A=":{"valueMac":{"type":"Buffer","data":"p2XzM65DwfItMMG2xpNJflbIOc19LRPNroEsyhRyvwU="}},"GM/Ed3YXwjL/IBQKVJaiXAedb+D3sKAHHum3GGW1CaM=":{"valueMac":{"type":"Buffer","data":"8KOJZw+HS4orN/sjCGJBW3I5oHlW26+HR7UNpMEDAT4="}},"G37C83gIhEOYobLxy2QFcHoyFUuC7U5otA/cAtfzTtE=":{"valueMac":{"type":"Buffer","data":"Ddg7VI6cw1aUggv6iKxsnr2JZmipl66RR3Sf+gBHni4="}},"G6xc+8FJvOO26YW/K6V5ZuEX6s19zzO8njOVoQCpALs=":{"valueMac":{"type":"Buffer","data":"z9nNe6KAEnE+TQ31XWtc3T0+PWYeNaoJyy/zjkgxB2I="}},"Hb/iqr1OT5cifLQI2TwjiGP3IOW86cVlGcp9pg/RG7Q=":{"valueMac":{"type":"Buffer","data":"8zOElhIeMI+tfMqYL3S94LUE3ZqbuGRafS/iSFxRhPE="}},"H8Yk9+Cgk/CkQUbMpb8J/oZxdGzvy1aQNwpjeZKCXac=":{"valueMac":{"type":"Buffer","data":"l4zqKG9mDcbMkoFVGGEsRRDlUnQgqmHT4VrftRXfHCA="}},"H/3zQaRr8j23bgToupHPCFBtBQFMxWRdrywA1XBaEKI=":{"valueMac":{"type":"Buffer","data":"cPuKutnZANRdWKSyzppf/e3iMZ5/c2WeC2dM7okKHFs="}},"IKQL+psVIkILTRvnmbXHlHuqwg8lhaGPQXbCup3kIYg=":{"valueMac":{"type":"Buffer","data":"pt1gnPWJNUWg46fk6oJjFaGc1tjAMUj6nVaKB9N8xRU="}},"ILtzoKahTK+BBPuuaXe/R5R1V/Rrn7y5DSMhRsK7xsM=":{"valueMac":{"type":"Buffer","data":"9mUZ3ytZMb7t5gkyMo72Ndwtlsh5CW2v1urKDyMQ9nM="}},"IRL45U6uvvV5Fkc1l8DFDZoX4aNZDdjzOcJLjJcTR9I=":{"valueMac":{"type":"Buffer","data":"SVDM0ffLbltbXqWla5xytTl+aNnJqKQwmfHlCErZsd8="}},"Iiho7nWaPY+xb+93Pdwi6/2GJr6BbJ1KmRRT9Y1DaAE=":{"valueMac":{"type":"Buffer","data":"BmuJ4PdpyQGOIBcibh2iVl0VzA/Ubt/MmsJ/jKdcWhc="}},"JG91VrIqRS+gHYCstkArLpg658nkwiJNEUa0ckp9hZY=":{"valueMac":{"type":"Buffer","data":"OeabVEN7ubtfDuxkc/Lmpp0xDbTF/YjbpnQhYpU/F2k="}},"JiEKvyNc9vAElQxYx8ztGVYM7ux2gKz4Oy5bIgZ/u5w=":{"valueMac":{"type":"Buffer","data":"Pz0SsdUA+vrmm/vbmLKumhN5OuazuiePWWsm92W2v+4="}},"Jj13DkMvbPV5B9cmTojQEUkSVTTP5UVRFjbQtCkHdNE=":{"valueMac":{"type":"Buffer","data":"q/F6DkM67N79vi565TARaPdJeqdoycJyUzXGj95Sbn4="}},"JmHKleEmH/ssQK7sygPwqVmxtJn6qekNo6YSDOhgzVc=":{"valueMac":{"type":"Buffer","data":"e4p+Ldmu4hmTs4tfrU7V5iYA4Jon3Y2eUmLtfotrVfk="}},"KGrEnCZj1AYZ2LpREOmCJ7Ist+Bggl0KganQe7qT3/s=":{"valueMac":{"type":"Buffer","data":"P03H4FVpKLd1J2L5LRAd/1tU0QswOyBZKYYdd3/oWuU="}},"KTixx5Cp5/cjYjrCNDfTSh2y2a2ZfeABI9L0Esi9IjQ=":{"valueMac":{"type":"Buffer","data":"m6qdxyb5NVurjZt+wop6n02iXKV8YY6udQmi7svny4Q="}},"Kekhc3j6zzyT/VkkZJ7MeHntNfA1B02KV38qoMEBqUE=":{"valueMac":{"type":"Buffer","data":"qZj4GcWEe30+bgXWDOwXOa1HR2tQLICsyMs3GEKNGD4="}},"KvFMqqnRIatIiwgVd5+vftPvkA3zsP0blR0S6p9/oF8=":{"valueMac":{"type":"Buffer","data":"Q+8b27VslUJg11OxZecrKOl9eTjDMvYnLKezkcOc7W8="}},"LA6WYyp5aYxhU7hPP2NMTdgx9qZFSyh7U+hG5HXon2A=":{"valueMac":{"type":"Buffer","data":"xG8xeu2PFPTJlzmyZ9woMmABm9YgwSH/rtxGI4C9/W8="}},"LQYNjTUVCaOTexnPSiI7h7FjQb6R+2xjwRauEcqE13w=":{"valueMac":{"type":"Buffer","data":"xU6dQAOoj9Bgl+F30if7HToXbmQr8bC9+sYBwGowtjM="}},"LY/wXhHsyYqFo2TvFAhmOg9MDevPOh+ufQaFp+hbfeI=":{"valueMac":{"type":"Buffer","data":"lvHsr+2Tzng8LsO33QR5yY8zVlpkbV0egKRNFrEI498="}},"LZtGPxqLsXP6qzMxAD34cHg9o31Sa65MOoZV6ZObNa4=":{"valueMac":{"type":"Buffer","data":"WpM+2kBNNMU8dM2LTdwaQCbkRj3x/DTAf9ssAWY1T6U="}},"LeFHCMTxIuGGdf32Ku7jJ28iFPketyfUB9pGo4MWjrw=":{"valueMac":{"type":"Buffer","data":"C+Cso+zfwIufO6R10hZUizrs7qgqu0j01Xe5qW15mmE="}},"LhsGU9I27RCH/PBUSdIfoNMRJKK3/hE0dbITtLxS6Do=":{"valueMac":{"type":"Buffer","data":"eu0tsF6rwAmCGgabBsPCSRlrqzGRIxjDT4PgAzSW5o0="}},"LmwD6qLKSaPvjQTb26JGNaNytPTt5UkBXyuRJdw9Zxs=":{"valueMac":{"type":"Buffer","data":"exODIRkpQdUQAvv19w0uqdfjC9EY4d+o5bacHTzI1PY="}},"LrBr1gAVJabR5XsiaZg+lu3jCjyfvtg2SatdFwBLomQ=":{"valueMac":{"type":"Buffer","data":"/Kt7a+yrUBIQnX7HsRdl3s7ZJA9p9KI+/LyCQ0kyD2U="}},"MBEOBFcYV4ejp2mrmOfnEdMBDojYPetFEOud3DQGFbo=":{"valueMac":{"type":"Buffer","data":"Mz+uI+MUgX+pQ17OSzSwwK8HzJk4boNDCfKEFvH5m/Q="}},"MElhNyKcE2yRr3vrTjMMaIN429hkflaj2W+4MtlBAWc=":{"valueMac":{"type":"Buffer","data":"LwfF09fXU6oNQHJwssK8v7FtKjuiIwIS5mHcSb4O6qs="}},"Mii50i5zoU3xeO67v97sYzpylMS4YhzWhs+e9wMmGms=":{"valueMac":{"type":"Buffer","data":"Ig+IYt6p0C4/ZVeNK3GCAAMjUDG9res2oN+kv4vv+Z0="}},"M9w8x0TWVJKGRq5DCKh9vrZ/ncvF9qy8JcU1W1YdF/U=":{"valueMac":{"type":"Buffer","data":"iEyjaoOTwrLW15HgHDRldx4iHSVW6CTefOZBuC0OtoM="}},"Nbd5/t5Ze6Rn8HmNijXzVS1x3J42rQNi6QFzNOmxWxo=":{"valueMac":{"type":"Buffer","data":"C+01nIRe54lmZBwtDx3UUqIVu8NuKkmZz75RuUQ8UAE="}},"Nuv9+bpC8kvvPK40Aom7WXMfW8rvdH8DRTClpX74meI=":{"valueMac":{"type":"Buffer","data":"qBEiSewktxf9DAOpalRGuQYgojkL6drsq4inX6q2hFU="}},"OCHHpkKDNZbDNXWwBoduDd186MqRu/Mrn+ToVrJj7FQ=":{"valueMac":{"type":"Buffer","data":"QJao/bc5xdx0HjkNdbM9RXy+5E7vlxbr8FXZpfzldJA="}},"OFkVuPuOvghFg/Wlu92X54XkcTNm3MLySStyUkx46SU=":{"valueMac":{"type":"Buffer","data":"v2O0IllBNpNZ6x5VnH2B5F1rMq3m53NjGxIMBHaAxkQ="}},"OgN03jsZOdA5boE3MOSE252chrsUcg05D9603WB5HsY=":{"valueMac":{"type":"Buffer","data":"CmFiVLacBKhIt6q7Ced3AlaxMhrx+19cCcZLuRK4l2o="}},"PNacxtkSvMpGzV/zb6R+W5FLXFQJZ/TgCmKHKYO/Cf0=":{"valueMac":{"type":"Buffer","data":"DoX+Z+bWCV7rXg/PKooFq0ekGXZjAC3rnH0wbysjl2k="}},"PSumiQQFYpVAFx1wXRhEnKhg+fKP9DbK7/s1Hntu3fo=":{"valueMac":{"type":"Buffer","data":"3RFQ6thlKWD6twzi3YleGBt06eHVkM3ZoGW3vzC+K4w="}},"PS3KvRmbRZyDFb8bMnTYf0SBLSv0E4HgI3ZkLgBhtDg=":{"valueMac":{"type":"Buffer","data":"7K71z+8TXKrl1Prp8IuavjaFoIPhzaiJ1/LMd0RRxa8="}},"PS733C9N/WDwTeSntr7wdrpiKYLJXdqp7A4DXyIVS9A=":{"valueMac":{"type":"Buffer","data":"PGXruo1NKnzGUp+pq12uOh7ZtGKPCM05Ec9fxNh45M0="}},"PTAef+pYxMbu59khK1IlDk4ZbavkwzCUID1XpmCOFak=":{"valueMac":{"type":"Buffer","data":"Ez4Ok6a1MAoKW3DVLzTXlX1D731lU4W++TxNSjJGPWs="}},"PjVIah/WZ6zr4pIbBywe1WA2SzQEKVHsl11fgEONF9o=":{"valueMac":{"type":"Buffer","data":"P5uC6XyvUE8m6XyQ0QeEMGua1C4WccwH6zd3lN3gDZc="}},"Prrwk7cCPWAcDN04/fj5hbdGlBg0sfElL3maKC1znrE=":{"valueMac":{"type":"Buffer","data":"yEisQlm2525+QzKUuKqHmkEUQT+GUqYq4sKrqNFX1MU="}},"Pxc/tcw206IUqTggY5N3QkZArnorcwt41Dxcoc3559c=":{"valueMac":{"type":"Buffer","data":"Kuwz5+iCFRoQUShmJH+9NgpbuT9ON67aX6BQU/ZBg0U="}},"PyMZf0SgjDYLx54NKbv/UgAFF4OtAz8kY68v36eFoHc=":{"valueMac":{"type":"Buffer","data":"rYKhmwuAA0EA8W/gyn/fYS3aADrKMajsi2Gi5bDvNo4="}},"QAFdshWIR5K/u42nXZTi8rIZklhalodjq3uLOGp2gpI=":{"valueMac":{"type":"Buffer","data":"eyWWsZptOLqgaR3q1B5G34o/f6YaytnFvcip2SG1NKk="}},"QfKuE2tQLt+xRX3+17zLCZtrlXOTFuSHZgHHzjTSd84=":{"valueMac":{"type":"Buffer","data":"ULG2UH9uAYseG0J0JP2K6jFLzRUabukuC7UAc9fmono="}},"Q3rF+TpekEqwMWmRJJ2WHwpOJbHyYAPIbByV5mGibQw=":{"valueMac":{"type":"Buffer","data":"fPXUsUDeSs3EcAouGth0Kx48gxTJC9yE2uYRbJjgvEg="}},"RBNHXZdnNJ6fLPGb+hJcIPi/XXDN5s9IyrSsYJv6ftk=":{"valueMac":{"type":"Buffer","data":"fk9B/idP80ktmJtPX1kr7uQHusZxi2fmlWCLJSPGgzc="}},"RGZCcHyvIDfSVi9tHt+BftMy0swVJFrfy9aDHVnS6DI=":{"valueMac":{"type":"Buffer","data":"aJPjUV10Q4zBLTHCisZVkEWIOZzX4RBuSFWxLdySUtE="}},"RVMZvPkxmY9vKSQl/yZaoaLJfWn/S0UA6UI+AfWsi5g=":{"valueMac":{"type":"Buffer","data":"GXGvMzOq5WFWqm8WxxHpIqBPAkL9ykX5qxSkfnL5bdw="}},"RpI9pj663m1+0wHRpi2+aq5eAmRMFhrKipwNnfOz6cQ=":{"valueMac":{"type":"Buffer","data":"vrpPcwFNx0hIYmKZhoMsAWnTDMmzs8zvT8TFeAt5zSs="}},"RvJPtvtY3iwD17ceGVayqze9monf9zrJNRAsIbR0f7M=":{"valueMac":{"type":"Buffer","data":"YZKcUx5mGzoVMzZhKqKYz2rJoLSN8I4IZw56fvd0L0A="}},"R7jCl6SQUKo0Qe7PEv50c/i1NxiSEK7M91/szspXgIc=":{"valueMac":{"type":"Buffer","data":"/Jc8VW/IqJDOcH/FaFB89Hc8Y+CDqtNGuSXdhQf7Rqw="}},"R7xx5YmFdy2EC4C+8hnznUprV15cBdgodAQ4pFrBT0w=":{"valueMac":{"type":"Buffer","data":"8pVJmHmQPIheaFsmxZPEfFSRT4spJrF8MNSBsKj980M="}},"SErLMbjUg1IhpxSqZMu/v0IoqK1y2Qwdb8IiB1QEiHo=":{"valueMac":{"type":"Buffer","data":"8EAQna8lmSEw/pKzR0fCYngTafvzmkSQppg/1f0skOY="}},"SVyFRXEp4pVeglTLuCLWus3D5/cHzB8ifSyZ0F+mmSc=":{"valueMac":{"type":"Buffer","data":"wZmJjNpfjBZwGl1sqTJBXBN+c8T2IEnPvs8jMgtLXYY="}},"SyWUzUqg16eh7gGgpQ69oGTv7kjBhElbQ/IrJK2R20Q=":{"valueMac":{"type":"Buffer","data":"7j9hVl6Ug98SF4VxLFRmZItS3Tcfb573GDrAJflb16I="}},"S0wnnSJPB2dYQpgYci61pyRzlk+KEqU22LCJ1jIQNCg=":{"valueMac":{"type":"Buffer","data":"WdlLF6TDsE0XMjMhU9O7H4J7bX1iew9xcXT0nVML0Us="}},"S3r2mak4zi8U5a4Da/odDNU5Zey/LFBMtDJQHJ9BxP4=":{"valueMac":{"type":"Buffer","data":"XCzWnhaloKcr141irDfkvwfSAOAr6TIrtO2Oj4RNtnk="}},"TLki3kn0EHoSkIGDp4PYhWKqES4+s3CeaVr9d+mCURU=":{"valueMac":{"type":"Buffer","data":"IvCsKTNqu6XwUfh+dUXQlmsuKl3ZY6ej9N+Bl3C/7MU="}},"TQ0rm9S4qRCAkVeg9LMFLUAQCgyG3yGMkAfVnZTML9A=":{"valueMac":{"type":"Buffer","data":"4OrvgzSYAq/BhWWZSY7m9SGQq9iBJ7234if+1a3ZRCE="}},"TqQT02gOs+RnBEldRkckP2ZiP68oT4w6spetwF1ynRY=":{"valueMac":{"type":"Buffer","data":"Z9MxzS1fagM/lB+zubkX4qD5RN6ADdwt3vAidmf0t3k="}},"Tqn/FISgyrbw78tSJEKQ4PZhmFXf1GnnBYCy9xbrtfE=":{"valueMac":{"type":"Buffer","data":"JRH9uuGo5eM0ODpTdxPJZMTbMh5merLwZom5QyEAQ2Q="}},"T9/Zvmj7YAzLR/K+cUpGsQcG0E1cO9lEX6P5bCVJi5k=":{"valueMac":{"type":"Buffer","data":"Yoiz9z5AxhiwdQffne/Iu6d2bgd8sy5WGSouuOBYmsg="}},"UFD8uZnUoPHOH13Er3BcZuVWLcmsjWTqDRIiF0qVBEM=":{"valueMac":{"type":"Buffer","data":"aYgZD2NNtP5V9WwgOYIb7mNk0f5i0JVejAFI7hJ6Aow="}},"Um/UCVapO80De19e0uU7sFOIppa4soA+N3lMQqzG+U4=":{"valueMac":{"type":"Buffer","data":"sDADKBKLhfsucI7lWQtDMSVbFdnRkx4VUYtwhOVsmJM="}},"UoiWQxtoz4OGKt5Bizrh8bzwfKE7r85qA9/NQxMZjF0=":{"valueMac":{"type":"Buffer","data":"9lxtUsnQfKmAouco0NZXaSOgOkOWUtxenQkxJGmhXyY="}},"UpLcKjGuzW2WzKiApkpG3HHjO89ymj8CLnt3lXD2vaI=":{"valueMac":{"type":"Buffer","data":"1yJXYIaPcjV9R5PlpnzbFa+fBKwUwmxzC02L6B2pDsM="}},"U0Fz4nfAzUg4mZB0rv4TSqaewTDamQtr/Bacp+3jecg=":{"valueMac":{"type":"Buffer","data":"niZjNG3dAOP2ka10xohuEF65GmDdDlhmTv0CYnMvlow="}},"U7TnUMoPhyF8tb0MR4ZzOpWmI3BS/QQxlUsxki77o48=":{"valueMac":{"type":"Buffer","data":"+id80ecaz4C83XFdY2TwDvdbWYXzADNWwnX/8FZetzE="}},"VVjsFVJlpsd/lopjUGR1pmlcyy3reblb+sR7S4Di58Q=":{"valueMac":{"type":"Buffer","data":"2f9qDdYQqkNH8EBElsaKnY5OWpVD2HIspkZz8jav/es="}},"VX4idMfxR/VlSUm5FIppheHkpny4VAVyQC0VIOHaR3A=":{"valueMac":{"type":"Buffer","data":"E8ctcM+8dDkvbScl6l5O+WB8HwsD2zTXoaRyBmHsSPE="}},"VYQ0F0eHkPFWiCQx1gvaXr1v5BvSYot9DH+G3MI/+5Y=":{"valueMac":{"type":"Buffer","data":"NoF2Jo9i/+zaQHzE2azRFGPmncrPVvK51y8AtziqipQ="}},"VnTNGPS3lHONi0lke2WMnfh95ems703xhKdrqOlKN34=":{"valueMac":{"type":"Buffer","data":"ETTuMt3uDOdbKhxT6H6bBXlanfkj1LfoSPrjYYnltBQ="}},"VzVuERUo6PPioQ5zrmkNhhlumhHnwO5Su4zaVNSNIXo=":{"valueMac":{"type":"Buffer","data":"1+5CTRyGQB6N8mrP2LOvrz9JvrSqRGF5bF786FEI2Xg="}},"V7FDoYBhhcXWIhq6djFjU38lC5wZkFAzsW4irAkNzn4=":{"valueMac":{"type":"Buffer","data":"eI8t52EkvMTz+aANmdDU8ymustgFoF1d2hm5WpwchxA="}},"WOvYPxwBR+g6AUu6PjsSmFGx4DuPJ5aaEylIDCS/Cac=":{"valueMac":{"type":"Buffer","data":"jHq1fUt7PuyxM32iTYih+1xnbJZYPa8ZaKIu8za3Vuo="}},"WdHmr+k+5hqYeJfLuVhrHQtYmze+ltc+obq9/ZE3nY4=":{"valueMac":{"type":"Buffer","data":"juiZZg4W+j58/F5DUw4sOzDcBuvc9YN9eo2a4yulwRA="}},"WpVpb/sTqtI6vdlPcDvKSXv56CC3OGfXzEh2ve50BjU=":{"valueMac":{"type":"Buffer","data":"nP9vIMy3eEn82HuwvqLTrEvykGucR1/N9VEXuMGQEQs="}},"WwNE9DlarTWIRzk4C1e3Vzx5Xf4B7B1pUAtWiL6r9pU=":{"valueMac":{"type":"Buffer","data":"f7yHrDTFbJLUUGR1bDR7/0o6C3jhJHHPTyTNZReGWkE="}},"Wze5CCd71jDZ6ZYdbWQul+T8SIQ5RM0z4qR5Zan5+vY=":{"valueMac":{"type":"Buffer","data":"QQjgGRYDGGl88NsgX1pF0medDbqPpu+X5IpO6d4Fc1A="}},"W6bT5lCz9bwphy8kUzDfFLwOIRsu02Yx5fobBBhF+kI=":{"valueMac":{"type":"Buffer","data":"aLyq4ts3FzHvLRRUSMFom5lbzRlVEPJKofz7hk3WYPU="}},"XLaWAh2ZQT2QQpk/txV61FdO9uZ9Hq8SvRU2xAuLJbI=":{"valueMac":{"type":"Buffer","data":"gL3r147fpaVvr8AF6Jb72wMQcu48C1cvQoP8P88Vk4w="}},"XcnMsoH4yFlBits6ZUH8H9Ckgxr2l4bqWSZRpnt83vM=":{"valueMac":{"type":"Buffer","data":"IxSZJ2NSmfmWVo7MTJWZOkMWlIUCvWtNPNLSfAvv5iY="}},"Xqq3Zj9nk+tkZbrEW2w76qH+p3qZ/m2qXVDSBdef7mc=":{"valueMac":{"type":"Buffer","data":"q3dM7JdCKqqiZbO7ObS5juGuToJ/CBI3SDPD8dLtO/Q="}},"XxXEmx2UYABm8voOwW5whvQhlLC7mSX28C5pFqZdsMY=":{"valueMac":{"type":"Buffer","data":"lm79ONrXW3Z7SbEQze2ZKWcd5jqi+zqNuO0u20ia+O8="}},"X+oioTJsuA31h5A04ikIAzPV60Dik8nqav4FuhpmNvU=":{"valueMac":{"type":"Buffer","data":"4Xyk7OmYFdZQ+d/uRHpxHk9J5V361WYy3RdzZEubPqA="}},"YFURc8/pIy/PuWaw/m044P4DCHbP7ZUt+vCaKUcKxas=":{"valueMac":{"type":"Buffer","data":"Kd7rE6TMklWgcCjnXjVZ6qPJu/ZaRtHMkrq0MHwPUSg="}},"YTGuDIqepRDaMrJc5F9IBidLVxI8oOxw1jUEZ+2Uldw=":{"valueMac":{"type":"Buffer","data":"m656tdmxQ7qL5PbZS1FcRrz4zikw8YkhioK7fpKLwhM="}},"Y3k4f41ZpBtwbCA/4DTtSEeYTF0agaF7PsAINpDDIr8=":{"valueMac":{"type":"Buffer","data":"Y1aavlKZY7S3fFY97udsG1ccKtD5VzAt9jnMJCAdSgs="}},"Y+TFWQqBl+lQGFRfJD0qyhx2dkdk+9ZtpXFjEiNwyOM=":{"valueMac":{"type":"Buffer","data":"EORsM9o5jZamb66IpOgsWTlWtT7Nyck8ne6iTadjM0c="}},"ZWpm8jzIvbbZHhYaq4l9LznqoFThlTB64qIZMNHHwzA=":{"valueMac":{"type":"Buffer","data":"keC8G11vCkitEfge183OlAYdMp8uIK6/8/umFfuVURo="}},"ZfMDn7qW8eP/gujE7ricI3kAp+ZkKg8/BwSW6ExgiL8=":{"valueMac":{"type":"Buffer","data":"+Kywo+JhmJlP4IvQ+NvTyHIpHIuuRIZuGaNXMsVYyJI="}},"Zi+pb65v+D4D8xsqHtgAvhy6eg4pm+zd9BhejeqU4Og=":{"valueMac":{"type":"Buffer","data":"ZRJ7+6tO/8yuBiZWhtBG25ioCKGnO9NZqH9WrOitvKM="}},"Zlj9z2z8mfSPvUvzY2feOI2Rm0h9ztuapmHdKA+r9vM=":{"valueMac":{"type":"Buffer","data":"n91XGbtPVCuaozK+/B97t9ICU3/8zuskr/EMeYN54UI="}},"ZwB64TKt9NGd8WKG4IZcirCPWKUTEZGEXelt0jFzR0Q=":{"valueMac":{"type":"Buffer","data":"SsXdQwxmH8H06htid5XZcaGlAuBba1wqun1pXubrYQg="}},"ZzulLwQ0WJ+QpSaEkC0bbapvlgAESE9cpPcovFL7MLA=":{"valueMac":{"type":"Buffer","data":"a93fO3kSkhdMu0sfZWLZJzmrt6ZeREMMvyyTXg2K0bE="}},"Zz+p6p16tg15r75B5Bohyt/W+XQyv91/umgZq4U5J7I=":{"valueMac":{"type":"Buffer","data":"7Mjbax7ZPhctmcsmSFt1ANw2+OA8PIITvztTSnmyLYA="}},"Z0wrmvJn8Vz3bypQBajhOkYCbRnYL1GcdEK0bQuk/TA=":{"valueMac":{"type":"Buffer","data":"sjyYJz8Iz+UPL3xQI4gPmNztx+CtQo14ZJ4M4ILJtzk="}},"Z6pSukTJ5QSB4aVypCuDTGBHCHHyLlsqHBZ7CBdm1mY=":{"valueMac":{"type":"Buffer","data":"kpImDIB1ZmQ3SwlLxmTueJfjguGIwDWlnXtPb1yFYlM="}},"aCN069zkM+t0DGBzGz+S7HltBk9wsaVN2pqraxVS7/A=":{"valueMac":{"type":"Buffer","data":"/83wu7E8tjiCsIs6qRKGTFCz25HVaFnUF2vm+/qM7PE="}},"aTFb+sm32jgDSKEMNtVKkJtsT4YMyAppgxbNPhYh4F8=":{"valueMac":{"type":"Buffer","data":"4imoDyDM6FYDHqrfqry3SzwgHXx+NBdNCpUgTecz5Fw="}},"aZCRFWVlOznnbRhnot3rX4dhGJVt7E/4QNJkKJOtbhA=":{"valueMac":{"type":"Buffer","data":"7IBfFsb9/XHzJpHa2gmMZFBDDuv2D+d+VJv2FDbBzh8="}},"aaBwFK18kuOywjAZJnyCapF51arqvElzeNxOuQQuH1k=":{"valueMac":{"type":"Buffer","data":"nDU4HRQQqPQikPMO+aguOG6nHNNIScVP1+A9PztoTp0="}},"aiIOmtHA/UWw+zdPtswbIkGMMpqEnMyk134j8fn6DZs=":{"valueMac":{"type":"Buffer","data":"HgxYeZ2tfcSxEkpv8klYM01IqLgrVOJkpaJwwH4XGnI="}},"awiMCOJwgQ1mkk0qk4Cs0EtNLuv9KERE7tqPwi8MUDc=":{"valueMac":{"type":"Buffer","data":"s1vkkN1FpSias2HdPMrIYnPUdiUMuLKp3WBFxOAB7zQ="}},"bBouQjv/WvClmY7Qzfp+4p5bk0T0VeEK4JdlNnUAuH4=":{"valueMac":{"type":"Buffer","data":"EkavmVYphOadum+x1ricChu2LW/at8tADQ4OGUFFSlU="}},"bkiW2oelRK21/TZuspwpYaj3O5LOWdc2iR3dWjUcFhE=":{"valueMac":{"type":"Buffer","data":"3ZmEauBrubEcqThneRH9YYUCxcZAtoxtK9pwbVtAHv8="}},"bzLjcG/rugft61wxuOt2aDYpjfH/KArwY5/KKjJBKQQ=":{"valueMac":{"type":"Buffer","data":"KMReZWg+Q7VybD93loIwJehFctXFqEDBnhnj9wcyno4="}},"b2PoTj74poWXvZqN3bxrbSITSZ9PSTOFpm/0NTdjcqU=":{"valueMac":{"type":"Buffer","data":"d+f17fVfRYG80lPjxXPpI6fNhqdwsL0wtpL/jnuNi8A="}},"b3Qdj82DGgY79Xkr+gtZ8vY/L0Urx/EmfZ9W5t8ReHE=":{"valueMac":{"type":"Buffer","data":"YQcrWUI80UqKsqYQ4KHbFbNg3ctOXC8oDHI8UbvUlEA="}},"cQhE6GFu9x4NXz64Der7KdVPK6Jfou/8cuj7NtMfkDI=":{"valueMac":{"type":"Buffer","data":"OHHbfIhGSHhhW1vfbsmLi6PLEAQSUb5vzjl4a2cVpZs="}},"cZDUpKigt78CoZJAYgl7RAzUqtMu41mC6QK2UnG0Y+s=":{"valueMac":{"type":"Buffer","data":"zEYrlxOwj6u/3IDNKP6ZWiP5YkcTzWHMcYUB3IZLwII="}},"cu2KEnUnwBWmLlYaVujR3R++S3Q1revrk/rObTpCRYM=":{"valueMac":{"type":"Buffer","data":"AZhrI7swUK1C+KgO6ePLk8flIvce7F4YI3XJMcIVsbk="}},"dF9zzB58K+QKKxupB2Jq4/JKu1OlNDXhCqq6ArJLWmU=":{"valueMac":{"type":"Buffer","data":"CAXhG2KucQYvuJYUFbW/S08FKKJQupgQMGcjdmqxoII="}},"dUvgPVVtZW2+S3EHKYvihpqVQJeRsyEO3vV9XxG+LOk=":{"valueMac":{"type":"Buffer","data":"65evtRZSO2hdDnIM3r+woAi3MXZdV6CsqiocCe3OS5U="}},"dbRtY40/TDSmPVoAGx8e1FfKWi+CKbahR7zOaif8OgI=":{"valueMac":{"type":"Buffer","data":"IG/aKJZC7f26VMEejMSN3mI+oFy7jWA/1f3/TbbTZcQ="}},"ddb+0jlOxJcR/vwGkZF+InlKATwLc6zZ6tvawy7+vEA=":{"valueMac":{"type":"Buffer","data":"eR/mjRlMYEmhVA9F0lg0FqLoQkCIhMMs9mrwiQzyM+k="}},"d3pxqQgfDXpfzTRn1hSNKHEzGNQrhleoxhUKZ99c08U=":{"valueMac":{"type":"Buffer","data":"m6VsOY1ySfLWtR6aMkv+h8DH+ZOU0EbZ1jAXSh4KWNM="}},"eV8Erfnt+eoMAr5afTlZCik2pICA6wmCFsYlEdZJKik=":{"valueMac":{"type":"Buffer","data":"8aJ155lNugXwKKuq0UgzYZsH9imjllXM3+ESw/jK12E="}},"eaTkA6zH+2+lUttOa5xFjJ+irZqIrfOjEsDZXZapPXs=":{"valueMac":{"type":"Buffer","data":"ya/J84WLyTEwkrpKyfjxGIp6JMpjsCE0bTV3B3Ae27k="}},"ecm3a8iW3hLCIUQabc4TWpCNGJJlR23YuHpwB3ZPqpU=":{"valueMac":{"type":"Buffer","data":"MjZ6UuIF354ztrYCTbZIcZUVNKeBS/VKI1ZLJvgIAZ4="}},"eyE5JrZ48SNQaizO725HIdR85pNkIf1u2ijBAa6PtU4=":{"valueMac":{"type":"Buffer","data":"7mdUmLbVY7pOE0HaCfCPq1P3/FJmMWXM4PAFcO86d34="}},"fCuaoNF48hrleVgeYKersnhMFMFJmqhQPNJo8fDEP28=":{"valueMac":{"type":"Buffer","data":"9AfzojOF3GCBsnGrHgPcgXsfJ40D/bPFN8WeEAXK1c4="}},"fUv96SR8IfTE7MRnVcECbZtoDt4LCdq1bQbYoqeA9ZU=":{"valueMac":{"type":"Buffer","data":"x8yl6fr2ia5dWx4MPlzxyWH+G8BdWjtsqs2xeNt19qE="}},"fXPkHuFCVPd37Q1no+hk7ubb9hmeyJfh8ozU6j45e0Q=":{"valueMac":{"type":"Buffer","data":"+a28HSRaggTqFQjlK8YGWalt1zZsv/yEveMELtE36X4="}},"f90NaBx0BUs3K+PtkLTICqqOBAh29kSUZAt/69fuwkA=":{"valueMac":{"type":"Buffer","data":"rHx00V+Byy8H/Ek8shoVpFhUFZ7AYQVAlVIS3rRAcdw="}},"f+6tEGxQV6f5HS7YUnKjEKmJMHjeTZ5JL5ewBzS9BVI=":{"valueMac":{"type":"Buffer","data":"hd0iEYTdKpfK6iz9z6AuGlaubaSFbZjseaZs1JzcuJA="}},"gKeHDDMVKx6J+JdSkuyJYinjrYD3H5ilQmPLEmZWCGE=":{"valueMac":{"type":"Buffer","data":"pM2QZdjPLOC8U3yk+Ufd2VLrU/iLM4BnFTnPRfFZQFY="}},"gZVyp2YCdFWWJ/4yHnyt1CYH1cd+Aj7zHBpWz6vONOo=":{"valueMac":{"type":"Buffer","data":"z1Y5TReicKmaKwHd7bX6EyJ5Rud4YXIOy3P5kus5yJk="}},"gfMglgg5wAp3bq/2XOK49wMxQeKce/znp9g59Z0aZo4=":{"valueMac":{"type":"Buffer","data":"lcSz6xp1ZzhCHyXcoQWlkv5gAR5giUx/eVULpx05uU8="}},"gxUW2fRoIjrCFkRTVNdR8InM96YDOMRLoV3Ke/UEXXI=":{"valueMac":{"type":"Buffer","data":"9Dvn689UOH4GHM2APK8Ec8xK5AfyaICDR2SLvAKoX88="}},"hCmmZbI3R9oy5BzOnEAHSLTTUCHVMbhfSFoyumpZHU4=":{"valueMac":{"type":"Buffer","data":"yNSxWcGjldaI1J6RQ+fhkS6mrO9rRz+qyuwKRXOCvrw="}},"hKZgVRIoVka5Aq+58SnHCE9bUHwMMIAa/nRRsSvHHXg=":{"valueMac":{"type":"Buffer","data":"/R2hHbOSm73zd6ctE3pXNWxXPhvpMR72y4ELWxGXP0Y="}},"hNsE02CZn55UOWF8UbOmqmoECuwyUCf+igHDB4HNP5M=":{"valueMac":{"type":"Buffer","data":"7pwfjzbBKmOydQenEQhOAMsZl/xIm5B3UtyId5vD3n0="}},"hTwlm5Xtr7Gv5Imv9vP3qxZdqpg3bo8uyaUjpCl6/As=":{"valueMac":{"type":"Buffer","data":"7ItzmxE0AAQHxzi2TvU09wEl7dX/JILNpgeherwBrxI="}},"h5Kyg3pnLgLWeGnsoRjONvy7s8vUPtuechjdC8O9PAo=":{"valueMac":{"type":"Buffer","data":"ngQRBQ+RZbC+lBWUr6Rf15lgipbcoiNHIZP8sShko2Q="}},"h93YWyzAfqwtHNUZNDlBnEtbU1QDSNon2M/13RMvMcc=":{"valueMac":{"type":"Buffer","data":"3kzBbo4+uJ9HFnPMTIH8jPsMwpDF9WEVtNtw7gM0tNM="}},"ilGT8Axa1L00y19o1Ll4hioQyHgGYB+Fzv1QcIwgnC8=":{"valueMac":{"type":"Buffer","data":"4V/2xAB/qxEFVv5wUpJabNZfQoRHRgmYS1NX2CnjcRY="}},"jXdn0qv2odThPBMH5qpgMoRBvCHdo8CV1/xdszTrRkE=":{"valueMac":{"type":"Buffer","data":"8e+kByjQFTlqHkR++uYVpGEANNGRo5jVhaVkKxahTZM="}},"j1MJY8AZbT0OUXWrHgydfTnFNTpsgpJfrN3a+c9HomE=":{"valueMac":{"type":"Buffer","data":"XEVXga4UAS4jh1SebHmxYj7ocmvMf2xZw8nlJcFDO4E="}},"j/ACtRx89oh247yZaPXlNRJNrI8j9AsGDgDccO0SiQY=":{"valueMac":{"type":"Buffer","data":"9VCYPzX2ix3EYresCaqX6ggCxtF5ybOCuKgQv2TXAmA="}},"kAVfCvGkohociDlj5Puj1sLIJv6PykDh25WcVcUrFSc=":{"valueMac":{"type":"Buffer","data":"WyLVmIZvZJYgW/sBqUu8cZSKSSecMRPjqRqb5qNVGh0="}},"kB+ky01PPFAaYZva2Wwa2iJeRZjuN77jdbMuXLaKm54=":{"valueMac":{"type":"Buffer","data":"hd3bApjjeOSa6zSyhC7nYNxbkAwDr4FiHxf82hojljU="}},"kFTYpwujaRFGlfTPNV8EILZSvc1b86i3scJf8+Zu1tQ=":{"valueMac":{"type":"Buffer","data":"H85L0UtZQoq9WX2eQXK62lBo83OPtQIP9cNJn2wncTk="}},"kJLEf5q8qxAedks6PHXUkcOh2ZvMoZgHybv2ouPO0uk=":{"valueMac":{"type":"Buffer","data":"hYsiDcra53YQXYuLUSAX5b44ddAZE78gjdXz85ITKEM="}},"kOpX/sEy0AbmVJiKI9tVudU/1CUwJeC9ubDld2FvrPY=":{"valueMac":{"type":"Buffer","data":"I3BRkbvGSywhaIXPjC7CcCLHu43+tim9lLEW04ZqElo="}},"kQEm5vxBKEF1U8doLd3DYMThKWYzeuAwi71K6ju4to0=":{"valueMac":{"type":"Buffer","data":"+MNwNvOfONfVzYCso9s9n1kndzCeUK1jsya11C6yP+8="}},"k+UJ/0pBCosvbKhj5VIvBWaVJVZmBY380jcxhIjeTiI=":{"valueMac":{"type":"Buffer","data":"fta+xPNYlSEAyH/ptN1GgbNWXSyVF3pqA9AxWnEPZPI="}},"lKtQiD1j9WRConH26Gv01S2hphgDZeoxtSJhv3mqjho=":{"valueMac":{"type":"Buffer","data":"6yBgkgz+14tvEwUEDm+tBnqTlSrV0bT1o8SxVzNaFhk="}},"lMpvbDmZzKi1xD8UnwzoVB6Knm9KKUug9TWtFcjxJpo=":{"valueMac":{"type":"Buffer","data":"gyv3FMQDHUc7F/6kjlICm3/rVdT/jyx/yvo92kVleXI="}},"lNrl6sZY0YMkroek62MDBfDSynr+wpS5j3jSE1s10LA=":{"valueMac":{"type":"Buffer","data":"JtYaXJ4zsK7xX4eDBSvPhuQC9Z8Lc8NbjPeu8tQXNK8="}},"lP6HZNCzemT3l/rfk3beTsmcLiOBdpjSzbVroCpIpjg=":{"valueMac":{"type":"Buffer","data":"NKtWJ8yfCOxU6NrzMbFAUsJflc9IquZxhwHgwd9+C98="}},"lc/RiqxinfPm9ezhX+6nIprOtpZRDR2gQdYlAVA8h+Y=":{"valueMac":{"type":"Buffer","data":"lY46ADwugrpXMMts+nuaRHMjiNV7DNBeIQfkeCbCFg0="}},"l15hVJ51MYsF09X2n3YkkpGObLEb5UCbaQvBzd4IzdY=":{"valueMac":{"type":"Buffer","data":"yLCIKhPqTpycOMeABP6fa2a5mtyFgGnPstfwEnATf5U="}},"mEEOFOfEtoz755j7HtxpVMOTuNCu9LCuqL6SlBa8HRc=":{"valueMac":{"type":"Buffer","data":"FWIv+FnBHs+Wc8ZOl0Vszse3PrjEu084CD+XgLPYH74="}},"mNDIdrGZIud1F5sDkFljuH9+dL81gUxuNubLLNJxx64=":{"valueMac":{"type":"Buffer","data":"7LqvUFndgP+w8Wso8eNy1N5tDZzLAuO0YdlugQ9V6PA="}},"mmJZ5Fo5wr72tT5jKr96UCS9O/Jbq0DuvsLiOGVUy6Y=":{"valueMac":{"type":"Buffer","data":"cNUVLAJk+e1sadgUOiLxDdpR13kDdfGK536cX+EbfiM="}},"m00pJn0JWd0lmacgJpwMuBZg6EPU/i9No0EalqykI4Y=":{"valueMac":{"type":"Buffer","data":"Y5a7EEXnRgZSiX3qYiZGZQqHvhQKGIbK0ZMNmciTa54="}},"m3rVSgfQrM1xSkI/pBsNhrVcjCoQR4qSa5/D5Pqj2oU=":{"valueMac":{"type":"Buffer","data":"0eJvsAgjyMi5fhwXt6sR8bN0Ozxf1AwadlHCy1jcDqQ="}},"nMZeEkeTSEcTGIHz0LKldwW/gM5KKAiWkigQ/Najym4=":{"valueMac":{"type":"Buffer","data":"jf8KHMLQMegwOBz32oQUB2bHeRtx1hShczAeB8BqPBc="}},"neGaZ7gEUSPXfuygSqhQXHHd/e6PTFg2sl7qhexFeIk=":{"valueMac":{"type":"Buffer","data":"C6EqEbNSHVMtfYD6SY4J0sHhMNuldadSP+VurlccVp0="}},"njSMNKOFQ9osRgzJLcekUiCe6rQGMvIg0sgabY86pSw=":{"valueMac":{"type":"Buffer","data":"zgAaokZRXeAWf6WoS0DwiFlHHKl2Iox/ltvrjtLGtrY="}},"nyPuUdprcYWCmwx4FbV5CZKIZUils70FpQRy4qLq1jo=":{"valueMac":{"type":"Buffer","data":"h2bM8nOl9Wme3E0yzbsEDkT9gnTQcvyF1jRRSGpoTGg="}},"oMWh6o9pHnJ8gm5VrDLnQDQknZ3aBySu5qMS8/EUWtU=":{"valueMac":{"type":"Buffer","data":"b9rkIIO6tLGSx4tOGREUJ0RO+JqyxxdJltte5Cz4cTA="}},"ofJU5pMEqUxX0ancF9gtc57qXqlU1I0nhXetWSNUCdg=":{"valueMac":{"type":"Buffer","data":"FLZTev4RLehZzPvLF9JiSV5floZSfbDV8pdvQM7BFZA="}},"onR3+cPP8q4txvWd4xK6BAKZWwVaoXpzFpOEQ0Qk5Jo=":{"valueMac":{"type":"Buffer","data":"2LZwZ4UCK4mVR2ubbjGdVzoBZAxndPhd7j1o4UU/++s="}},"pcWz1Nc3nsnKav48KSaCl6wEEDecz4qQ0bddlAXoEDQ=":{"valueMac":{"type":"Buffer","data":"mRQWv3MIb4yAU2P5otKkGaWU0N05x1zgt45tFX+RyZc="}},"p2v0TLgfqn0gjgJ/QJOaiCYLx5X8NDcrH9NmV8nJarI=":{"valueMac":{"type":"Buffer","data":"kVrwzaLgj5nDSmETjE4YMmdd7jMORtJgyYfYS/dUJis="}},"p6HNCwgqnMS/hqnBXJ6M8RPlon4+a4yclJzEVT2zMuk=":{"valueMac":{"type":"Buffer","data":"b+guSsQ1SrEw/Oj1FXekW0CKEUq96ye3uwHmKrQPFYU="}},"p6r4lxyVQ+LC8mt9hkLCLrYH8/NDalwhJL0rjcwoNh8=":{"valueMac":{"type":"Buffer","data":"ZvK/DRvcErumzkbi/ZS4kHsxWUIey43b16vFaAEOq5k="}},"qCGQg3Sscx7eCNGyArasfpwO9Nlyr9QSOkPIuAJGc1Q=":{"valueMac":{"type":"Buffer","data":"uo4XPfUHEn2rwbsuDJVuTG+fG6yey0gsTEUhHs5DpwI="}},"qIh6SFdg/ANpZh2Opi0ucuboukq+V01tXuKik6XP+xE=":{"valueMac":{"type":"Buffer","data":"cVd+K45+cPvLrjpay6I6CnGHCWyrEVzYaPUD15qxXCk="}},"qKmiQzGPh9FDb+kkP8MKd0v2Tj4YSNVsEYzEc/FTejY=":{"valueMac":{"type":"Buffer","data":"zv+lDWGT8eC9TfvVnOnox1V8OaoGIqnedHGMxsLm8fU="}},"qPB6NjfLdhwiCGuGbqZysVfFJisP8SsWNH6Kyh+7VG0=":{"valueMac":{"type":"Buffer","data":"McAGk/dF7+q6UfmnAAbkwuV9gKhfR75RXtBn026384o="}},"qRpVtUHTQRRTscstaV0fyTeG+CTxG38axXUFSCLEo0s=":{"valueMac":{"type":"Buffer","data":"7TcHT4qHtDzpNOY4EzVzVclkndCc50UI59YqhYv8KOg="}},"qW9pxAeqF3qMeMsMrO4h0fGk746L69vTBNRwyhGaFeU=":{"valueMac":{"type":"Buffer","data":"apuhfRaMj/yc1Qnhk07273BpmXQJgWTkJ9ssUyGI8kI="}},"qZVrDMTEqPuJQ+eJ6+/cgFA66+0l0uGLSKhLIhXte7Y=":{"valueMac":{"type":"Buffer","data":"cD4XdUYIrQl8WTLJc4wAF+KqgnzDQctVbONwQQM7AaQ="}},"qeeDlcrzP6XLLg1UNoVhKkYt8MuVAeD7iYFuRstylYU=":{"valueMac":{"type":"Buffer","data":"Z/FxApqonVb9BGP7ea/LQftQO0A2+ndYaMjcpsWDWok="}},"qhOQ6ificP/4iE7QZgpw8X8C8VnS36XmxDug4ymt0co=":{"valueMac":{"type":"Buffer","data":"V+GtM9lOjCYRvuvKEv9uYp7FqMElujwaWh9I3fVzEUY="}},"qo05Av4YcywtHwsouKCzbtfktKjpi8GZnnwddutu/P8=":{"valueMac":{"type":"Buffer","data":"1po0DS7bV0S2B21smsUIDH4ceji6Otq+1uV7oMHPt6s="}},"q0JMdjIbosJgZwNVfSPOjWqSLXTjEzY20Z8KlTATyKY=":{"valueMac":{"type":"Buffer","data":"2z9GrNcAYu9fCkwgUsX/hlCybeUt1a/WaYSW8hIOMIs="}},"rCrVuEIOtdmB4aDNN0f08cAU1+v1Zj/fOGQfdTG7Itc=":{"valueMac":{"type":"Buffer","data":"8yHSdnu/3reKF3G34QDmxdCO3RMaZd/ZCbFe/UJm8hc="}},"rGo4vLTrmhjYmszAdj5SW+PB3lYuQKg/S+leRIImxcU=":{"valueMac":{"type":"Buffer","data":"33uVfy1Qiog6jC0ceBnxDXoyBU1Fj6gr1NVAE94h2zQ="}},"rLwgmAuwktvW5Fp29KLCIqsH5ayON+R7ZuQTG/OWuPQ=":{"valueMac":{"type":"Buffer","data":"/smEJ10QYPTXXsQf/pgC6F29sfrDMvkIkqeScnqATMA="}},"rUPjMChrfaBbivEWK7wApiuDYiVV2rIJki/XEIKvyu4=":{"valueMac":{"type":"Buffer","data":"ru+uyp+Sz/9wwspGCSnCmqAylil1NUedjn1usTbSA4g="}},"rYSVYBwT2Xg+TShvEh7OnnzFwt7TBaBwmFLeB9MPoq0=":{"valueMac":{"type":"Buffer","data":"XK8fFUh6mZeCz2sJFpWLTxsbiTT6uQFr+DarQRIgZUc="}},"rofCURkyX4ux9n2+mGD2CrZTh2s1r2tOwjvZtQswKv4=":{"valueMac":{"type":"Buffer","data":"34a2DQFMocZ3shUn20RO33t2E0tm/8WL8hO/IU8WmIk="}},"rszvOcX2rYDrO5m+4KuX3wAT1MhA/Hbwa2qGIH8SIhk=":{"valueMac":{"type":"Buffer","data":"BigW8qLz+5KlYf3K74pIyecD6+hBroOWq8rxeVrIX4M="}},"rzD04uNkrEQcRonmhg5cfdDuBuc4PK+xChIproc/u6U=":{"valueMac":{"type":"Buffer","data":"GlEZ4+PaLRw7IDEp8/36UCIg7qgMWRKcco3/Opi7in0="}},"sBfJAGwTRncsVSkm8EMBhPD7jg6ZZsD3ledhmZPm8VI=":{"valueMac":{"type":"Buffer","data":"ZU0EHo8ki7qQ/RZ8uJ1gLfZaCvxO0bAKde4jGjVxalw="}},"uHHUgkKr1M8SC1xt1CxOqDtDQkB1dcIRBwA+uq2ZHKo=":{"valueMac":{"type":"Buffer","data":"wli+VmxXUpJl+R7PAoY4LHl1VxOUor7WgujibdhEWp8="}},"uLqYyj9R56S3GjsJvpKOJWxyUDoDp+J9Tt5GIcTf3/E=":{"valueMac":{"type":"Buffer","data":"0AbWsZb2WBVLD0Orht75CX9n8cpoUYC07eyjcfJfNsk="}},"uXDxRFLXXg+OwGzYO9LLzYW0mWg8WqjWOWVEdu1mCt0=":{"valueMac":{"type":"Buffer","data":"dVKgIQNA2pPISbT7hUE8TFSxlOL/WKgfIiwPFzkjdu0="}},"vf4bDknnSbPk1xt/fuw2kmhXlT0eThO4rSQRJwmAVMw=":{"valueMac":{"type":"Buffer","data":"vSRGBssztQFQPX55dADTY6IO5jtdJesA5EG9lTe+NNA="}},"viwiEHlqm2MPc3HdphGRhNIxrTiPkhcZmJLIe/+DcvE=":{"valueMac":{"type":"Buffer","data":"3qiGHHLOoCiL2sxF+aYN2C7PJJuBAqD39r4gkZMl2YU="}},"v0jUcGml5xRI/wbyuVDG5cn8L8zkx5VL0SkCG1NnmRU=":{"valueMac":{"type":"Buffer","data":"j49IRfhGDeHsGfmMCs3LvZPGIOITU1Z05qfGl8Ix/nM="}},"v5wEc2ohlcF4Ii+oAnmqEoScDVKbXPh3mIF975Nr3gw=":{"valueMac":{"type":"Buffer","data":"XM2GsnhY3Lv92cEI4x9bqmebCV1hTp7T9GgoPTCa/F8="}},"v6Wf6wE0VqC2hEmaRtu3s6x0R3VJ7awpIf5AWaJzvHk=":{"valueMac":{"type":"Buffer","data":"zZFk6ipe7wIXArEnnIj9mQp+vps9GOr5ZEKNCDRMXdI="}},"wH9cRvMKrPldLgqaCser4bExedejC9ULWAtjysAWvq0=":{"valueMac":{"type":"Buffer","data":"vcfu9Cz7bcZxpM8VXMa9wl05ytAon7+Lqk9ofxeE00U="}},"w3SxUPCVfroa01qT1GRSvNwKxYO5ap4l9mQIl3HxlNs=":{"valueMac":{"type":"Buffer","data":"iFU7XQot6uoyZeUTSQJQuFq1nw/T6NU9VE3YD78K5ZI="}},"w4Cg0EgKisl+9CiI8Uwyl3+ONPE4H+OLVvVqB4fIH6c=":{"valueMac":{"type":"Buffer","data":"ZTEqYF5CG24Bkj5ewNtreY5bfwPR0VPu9iaD7pYM9PE="}},"w8gmPifzJy1gwdoL1t9SxZw0cbDFJDcb96gZXVuQFss=":{"valueMac":{"type":"Buffer","data":"KBqgdEMYvilH0bNrnZTzuGUYImvKLF4arxLzeLhxR5A="}},"xgu1HUgUg7cIq9BJccSov6/N3SSXf2SUGic2qu4yyh0=":{"valueMac":{"type":"Buffer","data":"G2HcdONSXc46JdFC4IGH3uhhiPS0wKN4QSzJFLwnQ3Q="}},"yFSTZkM2l35IO02Blg5YsGDG1TpQyZ4sa3dmv+tlbPo=":{"valueMac":{"type":"Buffer","data":"KRI/9w5oObmGgvPFRZs5KGA1ZQ/GQ1SkmVI9q/FsD2Y="}},"yMoqQhlcy631qbthqNPWNjs4PoFZINBH9z2WMiReNk4=":{"valueMac":{"type":"Buffer","data":"Rgv3OpPBb5GY7at9wF1k0IeSt7z4gtwjH84y5t9ib78="}},"yWAbeU+YavicwQtq1YUACPUCKDbAUV4bQWh/LwBgF18=":{"valueMac":{"type":"Buffer","data":"4gNQaOgSREdKAwdpQYltoDVjhAYhXjWwyxEAXGs0vkg="}},"yt43Vhf5SftWSwsnDIMWF+fDVEMknV+jkWe5T/jO1+w=":{"valueMac":{"type":"Buffer","data":"uKhvWXYsoNvw8Gz82jOtm84E47i3C4nVePDYIkSzQNY="}},"y4B3qQmYUrG1VXMV2gL/OtWKdPRk62c32ZYmQ/vZg8Y=":{"valueMac":{"type":"Buffer","data":"+olXTaWD2U+bqyOffXkxMnJXMODHXvRVCCehK6JyDIQ="}},"zChDHX1Ed3dShe8pt3PM+dauaKRssvugqBdFiPfeRFU=":{"valueMac":{"type":"Buffer","data":"E/+xJhnGFQIQA0Qyh1tVuFHpJm3X4CeUb3sCbTV1KtE="}},"zK+KV1N/4QFs6IEg1PPuEutxF5SM0+40okPl6iKfGGg=":{"valueMac":{"type":"Buffer","data":"chzW9L50TBs9socQpXQq5TZ7bXdsOBI9xGKwO1U2THE="}},"zSFNt9Y9szB64K0K4kPjJvkiIiazAdy/Gdp+BPxjfRI=":{"valueMac":{"type":"Buffer","data":"jkXKR1FqbGsUzM7/6Qbv2c76LYEs1bW65FzoXLJLXx0="}},"zZX/JVFpXPMP6/E9kbh5bPRZ5Nvl8VN+jgMWynHyFGQ=":{"valueMac":{"type":"Buffer","data":"q7v2CdXDYebulxYT7svZjD5BBUnPLvJfUu3fX9WJNEo="}},"zhyRldDY6UM6Y6pvBKWOhcePVxzF3ZyoWmhaeEQnEJ4=":{"valueMac":{"type":"Buffer","data":"jlA9rrm9qffHki0Py+iqxfbH0k3SMl1Yhbd//1Z80Ns="}},"z1JsO/Q1slD2hgS0vBQV/svsKR6oGmIRzmiNvhA0zB4=":{"valueMac":{"type":"Buffer","data":"dA/MLFbmlhPPbWL2eywlAWaHlIMxJAux8wVh4fXgEJE="}},"z8vIHRXfqDBvAV3LLMuwyy9Tbe1VMFeeVbjHLFY9JGc=":{"valueMac":{"type":"Buffer","data":"ERUVigjhLbftFtJolmiT6iLKcCDduQAju24IrBYk/VQ="}},"0IcpsuWMHULG6IEKPDM0cJdRXEOBBrgB5JWgaYBM5rM=":{"valueMac":{"type":"Buffer","data":"BXpdEx7FX0fGXqlK4FR/K0NflTsbHdHjGO6nXi2LtWc="}},"0fGh6dPRdrmkjv46k5IOykFNUtZMa+6s8hlvtqkDKRA=":{"valueMac":{"type":"Buffer","data":"MbR2w92KMYCJ+KvJY2joDji5sG7MlFmjEg0jbnvIAg0="}},"0xDuVEsNz5sCmV9EQsMNwnnjJioPzMfuq69IXe8j5Zo=":{"valueMac":{"type":"Buffer","data":"px08NLCVo8jprzMyAP6USENHt6PvieZNsNHy/9xARMk="}},"07khRufHhfXEWoVxs8SNn6+aCaU88cNBPX0WUnE3HAs=":{"valueMac":{"type":"Buffer","data":"9u1D5cgTNNAShdMHlTjBQyqKD2HU9Ix5rWjP600c3/c="}},"1ATvM9JIRGa4A4Eeh4L7eVTSc5r7QaMetwuijx1tHhQ=":{"valueMac":{"type":"Buffer","data":"rdzawrf8j0Emsb2buyvMiSaFw+lnd/rUCRxbjaX1JdM="}},"1B3UMxPyQVfv8g7LzIuVhw2gHuK4woIUxL6T/SwhJu4=":{"valueMac":{"type":"Buffer","data":"Oui2ZhJlKXC0NaY06bCMA3vqgSavleam9fWpQQiItOM="}},"1GcxYR6PlY2RPTwL0f7GpkHkkyM2fH6Q9jR3GKNXg4I=":{"valueMac":{"type":"Buffer","data":"Nr/eUbYjDoSaCU8N6BNlsLu0FYzDx7+81SrDvfMcvBY="}},"1NXdxBvgtfoowY+AB3Hr3KtopMi9GvITwE1/BvOjv6s=":{"valueMac":{"type":"Buffer","data":"k5enN08SoZOEQCQQX6+KIbTA/cxAOgJfZk2p3paeDuc="}},"1Zml5BisPIgmKwJX90y0dnvE3+YMUkOo+kpSU4hwXYY=":{"valueMac":{"type":"Buffer","data":"EnnA5N0u8w78T2+dsXQgaIoEm5W/tubhtjs39hvm97M="}},"1lHYC5Bdn3SQYlUiiGZAt8f1zdLyoEmIxbhFtmM2RCk=":{"valueMac":{"type":"Buffer","data":"LAw7q/UQN35hOCw0DzqSghLQCdR3iGB1ZUSxLPrBBpw="}},"1o1BIIsS7RyLr2CvesT+u7Eyg+GHs3jUcTnBzDrQNvA=":{"valueMac":{"type":"Buffer","data":"2W5jpJoaFZN1RhuxAjg86s1n8a5Efj+vJiF7cm0t1W0="}},"1940d9kORBl7cu7rAsa6e5PVLGZkpb15FmSdDhPy5/0=":{"valueMac":{"type":"Buffer","data":"qaoYaQrCecZV7vW6Bp6TEBcy4xciAdzbafIiimACVYw="}},"2CwfX6XqQZoP7oCq/zAVhsLh04ImPpODL5Bs5yju9EE=":{"valueMac":{"type":"Buffer","data":"4NaLqzUOKeaezYI76d750z9BCNmlVmF/pd0bKVRyBvM="}},"2DY1opm+eveBYdjREA7KbGAnrCIMUrS7/CqfTVNCblw=":{"valueMac":{"type":"Buffer","data":"iWa0huF+VFlXjF7mfwt4+Pg6HnBIS32FsRK9CFczbl4="}},"2GbdFldAy7Mnbbsy2YlNnmbw4K/+p+u37B7N2Y0fKfI=":{"valueMac":{"type":"Buffer","data":"T1UWa3yqZejn+0As+itt2Bh8h+/lQQHFRrgw37uEvOU="}},"2LnRuwQIqbFi9ZqyNL6QuNRLwHouDVo4bBJMRZL0RvE=":{"valueMac":{"type":"Buffer","data":"xOvW4wK0+KQm2DQcwVtr83ZSGqYfd8kUvXwoaDfVv1E="}},"2PJtXKaRniBdagWhi1vtoQMQs/67MPpJ8aGdb2eJ4CM=":{"valueMac":{"type":"Buffer","data":"cVaIuErNq1am7T7OouFpFgIiK9uLt9bWp88w8l35QGU="}},"2wMui8g7r8+xl3E3AaKlyncdkAO2ns74kT1b4pqGrVw=":{"valueMac":{"type":"Buffer","data":"y+cwI0d5jkYMnrA77z4txLaUwmOnuZrFVAdQK7c8/Ng="}},"2z6hrrzWZ10/kDL1pqF38W/7yC4yIzrTe0SjbczThsc=":{"valueMac":{"type":"Buffer","data":"wGToU07l+20U4/wxyiEQw8RaUdbgDWnEPx+HgxyVaHI="}},"3SkZHbmTiCWYx26rRBes7lHyauFpldSVbUKxo1KjxQU=":{"valueMac":{"type":"Buffer","data":"Y2WPyrLCTBHvr3zZXiC8XLAtHtzPGzUJfzjHCOja0uw="}},"3cORkL+LSst1shXw3xipKhXbKEJgX2tte5qj9qfgGFE=":{"valueMac":{"type":"Buffer","data":"/VmLyPR9tA9b4Y+9zXmVDp5MsekD2htXdUeCk2wgDBs="}},"3nIyH6/s2aRFqvI/nYbO4fOw/j9uCnrgtVgmocht+dI=":{"valueMac":{"type":"Buffer","data":"DY6pTdDAmDRG4B6ellQI/jPvEpuXTnUfdbbOytjDF1U="}},"3sNHYFw7EyG+9QaU841CxGLedPamlZXCD2m2xLVfpmM=":{"valueMac":{"type":"Buffer","data":"6j9RSXl6CN0vzRw/DiHok78APZAuDmkM3eWE7HD76E4="}},"30o1THIrbAOIcER5a50raFpu88AdGnNyP8x9V5MfnjA=":{"valueMac":{"type":"Buffer","data":"HUeFaRl498co2Ol139s8UFennKnrHrLKswcp2zCAsic="}},"4ZEqFQs+M0hdO6/UEnez6xual5e+Y8VgVyLnF4qgIcU=":{"valueMac":{"type":"Buffer","data":"56kupvB2eSzC0BruYETAi9DWLya5qVclAZOM6FkYTxA="}},"4g5UzipyW16dfEEft8TvIJ7TS8QOY/Iil6aT6DuCbEw=":{"valueMac":{"type":"Buffer","data":"fjokaQYc9vPjBF/H6YBwe1KdMeL4zMrd3kMpyjUFXYc="}},"4m1o24Vq7WpMINfMo+A4egKl03HUpip9cA4Bvb8EIYM=":{"valueMac":{"type":"Buffer","data":"ftfT8kB/UIJFKz8Y7s4UJfcTWs/6dBha+S31uR+N5XI="}},"4pAdZxtrBmYI4AsiBfyu49+dWpznx7jyRegPwbXIkhk=":{"valueMac":{"type":"Buffer","data":"AjlQFlSv6PYolxLXEvFf8FZhXR2BEsed/3t7xvUtJIo="}},"4t+2/zMmh2CAeQp3CyRwOJGnZvc/m3MkNJHRWA/fDWM=":{"valueMac":{"type":"Buffer","data":"tJyJRrJNQLVm0R/PZCymLIZ8Wtdyw/Yhi9N/geHg8b4="}},"5g1kkGeLCvFYhtCZjptz7cQyWZG2klnC548uqOkEPdk=":{"valueMac":{"type":"Buffer","data":"Xz1yTwSWv86222o+LzAQOyoUwaI+mBfdrViaSgS1Nzo="}},"54q+Cp603tcJvzTDgd3zR6e4ZXz53xVY/+KT25nwYlY=":{"valueMac":{"type":"Buffer","data":"Ev2iXlx0sQnvtvSQq6fr0HnamXKo5yCQW5pG7nx6x5A="}},"6OR+BXDLzuwpVFh03giYvYje+6yb5QcHyZxAzo+zcvg=":{"valueMac":{"type":"Buffer","data":"jINEsW+Qq1fQXnFanzGIusmcawQxALEY70TbBTgGfII="}},"6VbGWyogFD9jw42CNDTg/KSbO5V7hEwd1CzhX2ooMZo=":{"valueMac":{"type":"Buffer","data":"BCmd9UYM5tqJ9ksnDxaMXOkYR9F7mWnsMNzHx/6/d28="}},"7W4bIFUMX494tELIXfQjUi1P6FiE+EG2q4H6r9Grtgw=":{"valueMac":{"type":"Buffer","data":"13xIIH4QI4Etlz/yyQm+0plV2AGtRUoeGiuMdt7eSWA="}},"7xysnajdwZFwUS1ys0EAuK7U+v/uii9ILNjMzyVQOg8=":{"valueMac":{"type":"Buffer","data":"yQfuONIxFI8oXDVIjUubW/89Agd+2vmpcf/l4FzaGE0="}},"8JfrSvqXjw88b1X+bawvA1F7KrFsIr0VmTnl62bsh2U=":{"valueMac":{"type":"Buffer","data":"MjUBisicqszsapN23rZHfev+5Lzg7g6jPlAg7rx/O64="}},"8X3TqujGHe9U108iOFhF6gU8+stCSCRUHDwqzzt4D1Q=":{"valueMac":{"type":"Buffer","data":"tkLtz1ewWc8ux9kHwjimuEAMJQmN9ShXsetaGkToSyo="}},"8eBr62XEhPsbrTZevsEOnr4FLy2Jgy+76SLA313E4BQ=":{"valueMac":{"type":"Buffer","data":"IEapzje4h06DLVFWFT73tl3mQHYHNY4Y3bYfXFTMvvw="}},"8oirIfYPLDzIUBgQPE3JPWTBoN1UYu2CgBTiQdALuEI=":{"valueMac":{"type":"Buffer","data":"U4R50xm0r/QrjRdHvRcdB5UbuDkSCCp6Kk6DnuJNoTY="}},"847x4y3fqN0SUhrksg81KpsEMP5XN4AYY95pibDAyyQ=":{"valueMac":{"type":"Buffer","data":"Ni8pDN/rhIvQnTc3PI/LexMj2Y0H5ldK8nlXCCfm+X4="}},"9JLtCekytLZfkaFCtR3MoGcLeGBlO5BXifNS2HL+OSw=":{"valueMac":{"type":"Buffer","data":"WhsAuqb/42VHHWoOgDh8zG33pd4iDZ6c/spO8bp20ng="}},"9OxlAdiQhgqp4b+T93lpoPsRffLkyJCKZypFIEGkXtg=":{"valueMac":{"type":"Buffer","data":"htknwGOo8/ZPKq9NANsSxTRtuQ8HJIAQjcP47CGMq48="}},"9zYxjF8qY34g6gokoj+7eh0xR74FXjzAkznZ3Pujc2k=":{"valueMac":{"type":"Buffer","data":"eVEqLSkNWOu8lRrliCWmYY58O8wOdS70MijXFpfPeSE="}},"+PlfZ7BWdZA5RMzFjqX8rco7ffd7akIlbXlzxjNEgqM=":{"valueMac":{"type":"Buffer","data":"rCFN+EgbCxXioU1zRj4KkceloDOdVzUP3zQ2gy9XKTU="}},"+nhoE4gr2I0hYssK99Syf4uIuGst+iEoO1cqRhC3DGY=":{"valueMac":{"type":"Buffer","data":"76UbW5sAjwXE5+RDkARibTDZGuOULnBYCWr4thJgojg="}},"+upMIkZvb9tYDy5DnVt6CHl48zMqq/A5RkeCfeebJbI=":{"valueMac":{"type":"Buffer","data":"WzE0zBuwj5c3Q77szoazB56Z7rXcO7y55GBdkBHHPL0="}},"/KxSN4FkLVQqBMVckE6FTi6iqeVf5ikzhTBW+GLblno=":{"valueMac":{"type":"Buffer","data":"hLG8Nid4IaYASxt8QgVpC3JT3S+NcG0JDw0K+EuZtJ4="}},"/aMnVyIiSVdS1J++5iqUlYyi07CK0mUomC3DqzG56/c=":{"valueMac":{"type":"Buffer","data":"+gkW0tJ3Q4eLDBjnXA05Qxc2aJQoiI7fhhMxmKzFdrk="}},"/p5o4Lvahg+PFk9phqGq9NFxuRY8g7RwB0xvbUixA3k=":{"valueMac":{"type":"Buffer","data":"DNDDqc3eB/FJ3OZlcPKIg+qrhXMVa6EKaRm08jkzrTI="}},"/uIP+fJ2mO652hD5g+0mq4C5BvKLg4hMb3tzPG1t+vU=":{"valueMac":{"type":"Buffer","data":"P3h1FKwPy31I6OQC7A2wvAJvQaF65bkWIUl+1ewsaLA="}},"/zl0CBNxJ0yMWQeE+TDwmEUtt1Xf85qFR9YPD3h+zaU=":{"valueMac":{"type":"Buffer","data":"GqDAFhdn2H9rve29usdidLyZwhfR92Nvn8R6zxcSPIc="}},"DVCem26rKM7hlbPMSMnv8jcQFuGT/bwLRBf0Qkcov9U=":{"valueMac":{"type":"Buffer","data":"P9H7M2T3W7tQiwW72p+HLcG6TCK6LducP2ckCuDxG+Q="}},"BZLJvKKm/CZLFhvM2YCe4V6qlRA9UMWKx00qdmRP0E4=":{"valueMac":{"type":"Buffer","data":"I33OAjay3OHb53ViOV2MhakCs1n1NCW2DC8ytHntAJc="}},"fe9QITe6SnHvp8mOQ0ePB6Eau22tDwLwghPTLK9DAlo=":{"valueMac":{"type":"Buffer","data":"KIHoR9Yb9xvOougtJvK6zMJpT8Wtd7xwR2gUJSNBfKQ="}},"3MNf4DZyDczHLD99f46tUZ+BfLM76VNWCFVt2dXktEg=":{"valueMac":{"type":"Buffer","data":"P5G8B6dYCIUz2GCHpcPHTZ6nYiZtMDmps07nrEKZDI4="}},"ePo12sy0i66BZT5n1s43wao6ipvpbTf6foAJPgkllMU=":{"valueMac":{"type":"Buffer","data":"GJYHKjSUrGEY6E/wYkOy8VRccCsZp6j0FVEJ6eiXJQU="}},"Rm/nZFPUt6LJS/XSnoVYthxOAiQyADdkKMk7oo1Oa9s=":{"valueMac":{"type":"Buffer","data":"rPcbLNZNlBO17C6kAWGcc/pHeC8rXCL2BfhWE9j4D4k="}},"JwoSSXrxVPW2sV+ITyeEhZ9ox412C2tdqVlk58H/KO8=":{"valueMac":{"type":"Buffer","data":"3Xfn2ZONRqYM/7B3nxNuPnNOcMrcvzN91LJ183qEaGo="}},"3FEeLgA22sS2o87UXyZGZyBHtC/nVcNtH2SOUQYlJJY=":{"valueMac":{"type":"Buffer","data":"xkHWXdJUuUwLrARW0X4wH6el8eLafrKaIsWrgW6iA34="}},"nMf6+Hz5GiIxFGHEGInx0cAnQ95QnkBNovpyf3jBcHQ=":{"valueMac":{"type":"Buffer","data":"yI9aUIn50KRyJqx8bp3M3IHYww9BYw+YEz7wZXs6ed8="}},"jt8jXw98p08+epW0hmuM4zYRxKUh5KWAoy2T8g0kDS0=":{"valueMac":{"type":"Buffer","data":"UP89DsXtc4o5qlHkxa2SsqOv6Es9Q6Zd5PnGaLWrwvs="}},"petOV2eGyfvZuRNK4GunuGVBHZLfM4Xz+jSfXCfMeLg=":{"valueMac":{"type":"Buffer","data":"HcLsyGVcDRfGzysX/seq1lXdgKk1EDRhcPD4HU7zB6E="}},"DmW/ISQRlRDljh8+Ke1+5h1vf0zmPs0UbrmNPG2Ozlc=":{"valueMac":{"type":"Buffer","data":"IBt2YuWHpEjKYHEycnydxzgx8ZR9jnW+WTYHW/B04lY="}},"UkUiWzBJvAEgZiubfZmMsKddtqn91Et+S5b+XOHxunw=":{"valueMac":{"type":"Buffer","data":"35PjPNsKL235EQ/O82Cm7zGnqH4Mid8m7e/bLOV13/w="}},"x/0TEN/D5H12rPhFOr2AJwsj8HX/sqwHj6uPTvAzW9U=":{"valueMac":{"type":"Buffer","data":"oQ2lZxMfTyAfKzZSH6vdd2d5w7vEgjoPJTcsQUYZhR0="}},"XHoZCaIqd5PWFdNPOSUsivt11BN0EC9dIuZellltZWc=":{"valueMac":{"type":"Buffer","data":"mzrdOCUACqIw6CzEiVDA01ieT50xDB3EfHHHoSjr1qs="}},"uvRV/bgXwLouwu5bl4IaUF7hP7GMEkG8wO82eD6oR2c=":{"valueMac":{"type":"Buffer","data":"h4GuUUQz/gNt7lbeKNbO1iqgC/+FoAKW3WAOvm+P/1E="}},"5exuFFT47fHzk7wA2uXQYPIwHJH9IzW3498smulWAlQ=":{"valueMac":{"type":"Buffer","data":"D5t6MiPfjNBiiTE96pVPUe8WQiIr2XZZaAOsh1XjYkQ="}},"MgA6DFCAxsr4ry/+G+CKnLqV0ukC8N7qTQ0k+Zsqzho=":{"valueMac":{"type":"Buffer","data":"uEi/8YgCYvUDap2zu7yy5yeUsZXd8BoChFGpKKpysm4="}}}}