{"version":208,"hash":{"type":"Buffer","data":"WSa7fLjKgFGxOU4RgIi+WBXnNj9HIrhs1QxD9hxPo3Gb59JmAOVQc6lEeuWus++OkXgnqH8u9pn9kd0P9nMnqK2Jfluh8eJtRIH7Sy04qydApibLUWpYVchH5fT4wTUKa0l/51N7vHI7O2fKHCiPUXoJ7D9vdrvR0xJgnri5kJQ="},"indexValueMap":{"AZUcZtk9H0Mka5DGkQTGcT+AVIMvBo+9QpDINhfru68=":{"valueMac":{"type":"Buffer","data":"/Ovt/7vhIDVJicsBhofk7fNSleLWucJnMeYEtzDHPgM="}},"AeMDd2bqbv3zIZtQdQa8SimcfZ8oXXF6J2MIYBSwH6g=":{"valueMac":{"type":"Buffer","data":"kY9RH0f8LkRTiC3YLmdE81gSuhE2PaGQw/wFgbYOJuI="}},"A0BIcQ0Y1cVjl61csP4j62+koYxT7fSyVFWzzgYCn18=":{"valueMac":{"type":"Buffer","data":"SnPOiWAniFhJAQAefsmrFwld6Lwk4RzGmjcCkJ6YzLM="}},"A5zssjlSmi/HLIZeYOGFuE1z1TiSS6rbCYNo4lQzIlk=":{"valueMac":{"type":"Buffer","data":"0NolSNVBfwCySqqxhuzFS8KzwHptWNpn6ln2NcRTlp4="}},"BirQjmMClXndx+tehxHA02QnoT8zkTSEtm8R60Wx0/E=":{"valueMac":{"type":"Buffer","data":"VBQUMt4it0iib6vSGCq6MDaoBahYt+YQuf6679j9WLo="}},"BlYqTRRH1x6WTfDSrtzGMhf9wHvz6+fepfQGvFLrhJY=":{"valueMac":{"type":"Buffer","data":"WNOOJvrO5gCMvYojn3DhC5Q2ceKB1KMytLYUg4klIDM="}},"ByHiXfUQD4bF2ucQlceBfbeWnheFF5plyJVhB9HV5gw=":{"valueMac":{"type":"Buffer","data":"viF6dapyfHIEBWiyLOdgJjveWvnyMO4xG4RsxKnibg4="}},"CLDJXpezCx1edYoCcI7oFvowO7/mpQW6avkyXXHqCxM=":{"valueMac":{"type":"Buffer","data":"S/5nuLLKR0LblNONtrsUVasqwB8L0/8Vo2pZhlMpbN0="}},"Cq5KGY/wckqiFf9v1wsVdXbjIYWrXV32j7btDdOJYTU=":{"valueMac":{"type":"Buffer","data":"kpufoTWSebNn9ePy0HQp5+/NMP3L5NQmdw/wRFomDhA="}},"C0FYJ2cX62zxXR/6JhIr1gPj+oeCUlDH3gmqqDvU4T8=":{"valueMac":{"type":"Buffer","data":"Cx5p4pmCgmG5xT0CbpEgg6o2MZe5/d//bnAur0HIpgU="}},"C7YA56ZE1o7OCtCuBsejNYZ+u1vH9gXhNttfUUKJ+Qc=":{"valueMac":{"type":"Buffer","data":"y/oUfiCXG18Zvmmz0mL1rt67XmKrfhfroX5QKYIvKP8="}},"DBCAme5qLuZTAWokZTrB/PnsfdCgPlrqcgu7pQtEafg=":{"valueMac":{"type":"Buffer","data":"OMngZzQOXT/a2+5Ww8RjpUWYhvNFA/IOhUst4QWwgEk="}},"De9cbSehZtRmZGOJCoJhvd4iUGoYZRfnSCGhnBUw8CI=":{"valueMac":{"type":"Buffer","data":"UakG4+/Aldb0bLNoASRFTuzZC31eEH70pDzIXNEVOlo="}},"DusUVhkdNjQq1Sk7NtibIdtxPGLlVOzHv/pBI42zxxA=":{"valueMac":{"type":"Buffer","data":"xJK1Lf1qxQosgSquPsuqtpCADyL2cJOv/PLsj2tCpfM="}},"D90zDF12vEKP9Vz1eXulczPndQwPWOSQBu2noCDspWk=":{"valueMac":{"type":"Buffer","data":"OfruSl4wYD/By4v2EvgB99D0mJi51QcZVFGXbgbQ9Dw="}},"EHqakdn+Fe48dYpkkkkeM6H4KZx90c7guzmPWITaemI=":{"valueMac":{"type":"Buffer","data":"dCrypWPreT0Lhr0AiOCvJMvUihy8cRViD5bnGZCQU+Q="}},"E6rJD1lKpspexihM8a+RAI7T4mutddidixSYwE1MFxE=":{"valueMac":{"type":"Buffer","data":"uOQKhx5o+1wvb1geeUYa5dPyPwUepzsqwZqdLWmRxmA="}},"F6ACmpqBnO/ZzKbmal/EF8ZHgmVS3xdE/aFLWjLhN6M=":{"valueMac":{"type":"Buffer","data":"Qf1v+RhZtuM4AKk4LRXRfOpnmCae9FD1F/PrMIascAo="}},"GFWKWj4PeZ9fwQo2MVB/XLN0uVuD/NGHxCthfACes9I=":{"valueMac":{"type":"Buffer","data":"m2pszJhwJ+XyLMA/OJBFUU3MvlmV55/fJygXsdzZd48="}},"GOcW1qGE87ldnVev4DzQHliQ0cJ28zZt7X5lTJ/pghE=":{"valueMac":{"type":"Buffer","data":"H52p3lRiA5kn6oMkyYTpfP+0j39R1BwbLR65K/rouRA="}},"GQUdgoDrQ2U2b3TevdbeqRqyROT4sN/xJTxDp4Tk/kg=":{"valueMac":{"type":"Buffer","data":"DLdURyFZDGNujqFtpFPpO87sd5wwD1qWZBMVi4REPcc="}},"HK8rLjwrOay989bXe57UD33+WWdVBc20lQ0QzKxGNa0=":{"valueMac":{"type":"Buffer","data":"Mz2oMLEklaS0rWFEhXufjQuqBZyRkn0lmjUyz0tjcVI="}},"Hl0JL6at7xGoEqfR96Gau+mvyoDXbpBDHwrDZuL8Odk=":{"valueMac":{"type":"Buffer","data":"deUDFycUaZcmZyErb3UVwVQv84RA9B3D73YsBpxFTmE="}},"H/i6Y9jeMBE5kiuRW6ju7ZK2KxYTxU/U0rJcfyx+NEk=":{"valueMac":{"type":"Buffer","data":"5hLWfHWiCU71QBuD+SntbJOksMwgYfIzhLgaKk1e4DY="}},"IBwbm2Ui8bvuTVNL7IxJvhQfaMGofvgvgNqwR1Gu9wo=":{"valueMac":{"type":"Buffer","data":"+RKX47YNwV6YweuWUZSfcv2lS2e+J2XHG6rvyVysy90="}},"IdRV717EFuVGclmhcKHWiQS3Fti4W3ZjEqccoEgvAng=":{"valueMac":{"type":"Buffer","data":"wcw+moujrMjgMx8iCDKc0VmVmHDFWiqOi73Hzj9z9b8="}},"IvsDLVOELRevJhOqQ5WIRFVMs69wwYMwUMOqfWxwD3c=":{"valueMac":{"type":"Buffer","data":"1zVvZhkCAkDswb2oUl5yBafjeNV+MeSSg6BHUxVyqiY="}},"KgQRiAHyf8FvIgF2Qea1nuwYzAnkD2OSqi/h47GqY0w=":{"valueMac":{"type":"Buffer","data":"R6vqcI1cQGHzOQ7b8TuLWfE/RG0wmAdI4s1/DiHrFpU="}},"KuaDTpQTEGLUdqVg9xiboUlL72iE2rluqePtSMPDWJc=":{"valueMac":{"type":"Buffer","data":"HWsPeAD97FTiH64Jl07rPAeq6aXTzz3ZOBgXZJrhW0Y="}},"KydxdbD5jdZVhy2/tw163UC4e2Wa82G0Gt9LijLZlMg=":{"valueMac":{"type":"Buffer","data":"2Vonwkb3IKlhsSQqyrN2cPG0y/q9YGjIVB4L/tno+KQ="}},"K7INNmVIxXMnMtMDagDnJ/CuYTx7j82k9kLohPatYSk=":{"valueMac":{"type":"Buffer","data":"B7AQMj5mn4FLKwHXAW6BJna60nXM4+UMNYRn1P139HY="}},"LwolEMUIiP/0h9AvfVW30yjwEx/u+CY/vtTtFZS0lTY=":{"valueMac":{"type":"Buffer","data":"qragvt7pPm3BcIPgUp1VkTL6neq2IJy6zSSxOwyaUN4="}},"MPfWeMxKDhgF7JXK+ViwwiqVsFVyDMKeWCrVz6DT/Gk=":{"valueMac":{"type":"Buffer","data":"QblMOJhfH6knhbUCjBlqoJ/pJgbkuEtHaIB67GG24Xo="}},"MgRrniOzJODSwdDcu2Q/qoTeEh63LTpZjx56y3QUPPA=":{"valueMac":{"type":"Buffer","data":"ibIoWXIPgnOYFeQ0aEP371H/pkzpo+xUHhIXBhKkWwA="}},"MpsYpPnmtOZWoKb7dJUesmMTUVxHV9zyGYBNtvQzh9c=":{"valueMac":{"type":"Buffer","data":"EhIioAqCIRYuFhoS4M2ZpFxh9Qd8LFCVXjNrNrwXjQE="}},"NG3S3Ix3Ggh0DvfdqCdhoBeYw3PXO+iktXp1cwQ19MY=":{"valueMac":{"type":"Buffer","data":"L7QpaU3CYGwASrJHq5Zqrl5QTbup4pSj7z4iC4AfToY="}},"NmA5DB//6/8tccWdnVxzf8mJ545ClG5oa4gRLDkml/k=":{"valueMac":{"type":"Buffer","data":"2BZDCU7RsLsya1E0jhOoY4YB0dHqsM6t1L+aV4SpGu8="}},"Nzjim+OwGQGCoL31KhFhFPbyVkidJ1hutw+b+IxP5Iw=":{"valueMac":{"type":"Buffer","data":"XHOvBh+R4Vg08X+AwtZO7HXyCUk7oMdoWI+XZ/eiZs4="}},"PFc6o9se9h19Cy5fqxDTClRnn1HVDd/fA2nH8ungMxM=":{"valueMac":{"type":"Buffer","data":"qJxd/bISCM8KozMrluvK5br8mCaAwlVsBZQUOrlHgY0="}},"PIgJV/GwD3R4J1KE015a2+q6dQ/deWYPZ/aIOMKYWSc=":{"valueMac":{"type":"Buffer","data":"yh0rmb7ov24hVc1ZN2YFusVKmrJEcYimnTe72wFrPBM="}},"Pj9bSDWV/ImbYWgNgMmSyFQEnqqzB3DGgp10P/tkBFY=":{"valueMac":{"type":"Buffer","data":"bCVK/EcAdgRWNxYx8piXL1COp+T41C8kNud3GpfGQ+k="}},"QMmXu1Ih2jJFQ4f9zbBJ4/vWxGDs8u3fXZuo+JE1Kbo=":{"valueMac":{"type":"Buffer","data":"171kYsiaHn/SmvapP4b6FqIRJ+WD3B4whj4k04r4vSU="}},"QPa1kRWl8QcmGVsnVlEiq+3SCUmaOVx7tHdtkhILfpM=":{"valueMac":{"type":"Buffer","data":"dnNmhsacz21ZdGzbQnl4prhZwN3A8/PSQJjFpCbGgp4="}},"RFW3QqgK9+VUyQIoNGzVfg/Wet6eQJC/bnrdgFEqfnM=":{"valueMac":{"type":"Buffer","data":"o8Zp7KNz90Z5VhQLSKD3EwSOp8Q60/pNw4rs1UOCOBw="}},"RIXROEmD3nB46PvFHVuAoQRLxTs32qRiwsJjmjPz4Tg=":{"valueMac":{"type":"Buffer","data":"XTcG3wYdq8ieVo856Sa+ZjyviiPKN6dDK8mv0Ny/EU0="}},"RZfuGMDo6xZdNeTeFl3Teb5d/1a4gDTO8eNU/dh7GXA=":{"valueMac":{"type":"Buffer","data":"hoQvYBLMhzmND+gs7Wk/oEummVOymCSzHMIJhEiCzsc="}},"R5OCv/9c8IvnI8EFJDE9wCvuTDuHgkUEivuZWgp6P+0=":{"valueMac":{"type":"Buffer","data":"KLuNb0BTHq887wgUEij32QphMT0J4jIAqpawX2AwGIs="}},"SFt+bmlqKzaqrkPg3mb97q5HWmOTPmqA8512RWw2UHQ=":{"valueMac":{"type":"Buffer","data":"mmzBM6j1P60Hc0uYvERXW7qcllrJRG7Ck5es7CW8mx8="}},"SwQif3EBAAxHW6ul3iiwt8M6gnKB+lJ5FrJwcyKRGe8=":{"valueMac":{"type":"Buffer","data":"cGFLaPb/zoEHXgNI3fkKSbV/QVJVrs3Arqrc4nUFiwY="}},"TCIlMMhbwTjwOiY7403LQW9MxbWYCG7ZudGCPRiYk4I=":{"valueMac":{"type":"Buffer","data":"jBL+8hTSwnHehssyF+HXp9e+iuNdDboHJrp74G0wFBI="}},"TPsmo4e/vaRANEjCu7IlqTcMUMw9myKEwahj6YzjCnA=":{"valueMac":{"type":"Buffer","data":"XnEWYhpKAskFdWfuPmSEBLpIC6r2o6UX+euArCSBHNI="}},"TQdfF7yLCE5ffjj0T+l19EbzzAJiaHKE9HXFug8XjmQ=":{"valueMac":{"type":"Buffer","data":"1W+MAxscwgaqojg5YOdtCpSx7RQwmZ0dx0J/EO4eJ70="}},"TSc9OilJj5jBwUN6oOkyHo8EClegmCDucecdZnvFeSk=":{"valueMac":{"type":"Buffer","data":"5FsiWBYY1oHciN0S+0spPrPAfbQIHCzCavtho/6BD1o="}},"TwJGhXayNbKI/TOLM72RHYJob+5NrZwDT5uJ2mS4Dmk=":{"valueMac":{"type":"Buffer","data":"G3k4OSK8th9/TdsQ3lTbG7tmHQwcO7bLrHe0sgE0Uow="}},"T0rCZUE7qomgDRPOPSVsh65u2rQ/7LPbkF9k7Mzm6+s=":{"valueMac":{"type":"Buffer","data":"U8Mpwr5/ADx3rhapIE3J1nJm0DAg8LZbWPiTYhYO5nI="}},"USPkjqW8FkBEvmKKi9NiWc+naxxAdNRIeerIQqT5kaA=":{"valueMac":{"type":"Buffer","data":"rutEUDhnbr5gPHLLsAdZtGX7qUZQoe0vspRf8ppJ+3s="}},"UvBSt+Mqwe1dYCOx1nSpSxzJPclTjLchlmiMUac00Nc=":{"valueMac":{"type":"Buffer","data":"pfHQA0BWSr3CCrEPTv/dxdRezUh+9kTy7rSS50CkoY4="}},"VmvSMMsVITV3PGwZgtrYneTxl7Wru4BRFiOLlcsPqJE=":{"valueMac":{"type":"Buffer","data":"vtwdgSI1gbr0KYN99rjVoUl/5gng63AUWvTwausBy6I="}},"V89pxaAGt+xo9dj+O7o4zVLGlf5DJAc3vXw4rySY/Lc=":{"valueMac":{"type":"Buffer","data":"wGfJIqvdZei9kQDGk6S9Il60xsBX2HcZcOPbxkknJUs="}},"WO3/UhhwC6SBQ6e4+oH8/I4nVnGNJr9vv4O7+uQO4pc=":{"valueMac":{"type":"Buffer","data":"1PWgJKCshBzyamRqmINI7PLs5avVsN58UWmP5tXuji0="}},"WxMEJscOPrM1RbJNEuUNXnAak8o+wzJNy0TD5iwQlVc=":{"valueMac":{"type":"Buffer","data":"XGNvOm+N/ZMQ6eUuaoGXmEfOONIBqQk2LDEHjSMts9k="}},"W9zpTBBCadxZ7xawITdSoceRhJAgg7Y8O/GqygiEhxQ=":{"valueMac":{"type":"Buffer","data":"cTSbG/L4gtd7SqXP2F+Wy3yFywp0c5EVI0QWMg74S5g="}},"XbBAswC4Q8lgNVi6GLM6VW8p15keO3NHWPkxNPE3NbE=":{"valueMac":{"type":"Buffer","data":"1QgnonbzQnUlPaTRs0S5H4IkNwVGv45MK1jLydmTMX0="}},"XuzsGRwmo5Xv9jd937HtG9fg4SVgy/T+L0L4X6Av1OQ=":{"valueMac":{"type":"Buffer","data":"PvLoRV2KoFq3VOyRMzKU2yZbEWJz7KY1lVppQore28Q="}},"X8t8kPFEatMxhSHW27c6vbMTZrN5XyorarPrm3YRmcM=":{"valueMac":{"type":"Buffer","data":"yNc1RocZAnPCgwa1bv+L8kEPQw01sZdo9MuqfBeP5+M="}},"X9xWCjoFy53vA+hNn+zfZsZqLMyFkwMbdy8AMMtd9jw=":{"valueMac":{"type":"Buffer","data":"9xYhpwfjgJDu/QqtIiVb29JPIIKRd4xignO6ge71YWk="}},"Yk2MAPeiQYsbTwso/999recEe5OrmL0r3ITlRMm/juo=":{"valueMac":{"type":"Buffer","data":"fKrdD0NWp8RyBAvEDn41yIqysNAzasiM1EVgXegRCLI="}},"Y7MhTjM3EwpAXw0A77Xjw7d9St/BIg/NPlp7lZtfuio=":{"valueMac":{"type":"Buffer","data":"N67tipjzzCxu0HS655BM9j9Ph1BksSS7K3YEb1tFqRs="}},"ZoHrDX+AnxHci4afLlHtZCyiPdBQvRFDRikfbmt/iuI=":{"valueMac":{"type":"Buffer","data":"1LCNYQXx5UaDTqmQjm/RzxYr0N7MwvYJWxOdmJrfvyQ="}},"ZuXHVC9G+kP34Q2YwcXq58/Qj0oDx0LRVTdai8iHhEc=":{"valueMac":{"type":"Buffer","data":"qer4/9ChdM9OgyLwGUyENxofXIMvETsCTHeyHKq/Wu4="}},"ZxEUQkiQkOGj+6jrCNPHmaMlRC/0f62XFz4t7zaFWmk=":{"valueMac":{"type":"Buffer","data":"su4Rf61fZxIIigje4w7SPrFOmfEvkW4oyk7eM218Rbg="}},"Zx2ElGBlNF3qn1W/owAfSIDu0tfklnYjEAM06C5Cox8=":{"valueMac":{"type":"Buffer","data":"rIRzHwsagfA2/hehZ1VlwI9UN5AOtJNfTl76G487yX4="}},"aMNAggWRFbsMdMp3UZsISi3OQ1O108U6kpNmS1XJSTY=":{"valueMac":{"type":"Buffer","data":"CJHdGL3Q11CAlNGqD636Iyxi7jFaKz+vGluJLx1/J58="}},"bNZD9J4tsXCLDBwjYBxkvJ1knWCOhaFdlfvBSaVfg0g=":{"valueMac":{"type":"Buffer","data":"caKthtlnnFzjmqMwPecfoPKw8Whfzkq3zxw+yPP6H2w="}},"bkPmkWOVY2BMPv59H3gZSq0TQBlUzkVZ5f4IKUdYsaI=":{"valueMac":{"type":"Buffer","data":"jmTq6NqebOgPPGuM064gOJimKY7GNWM78VsQw+u2NXw="}},"bvc44PLMVZAhEAu3XOMVL75uSKkbrTJvqZFu33vbdTk=":{"valueMac":{"type":"Buffer","data":"1soIKSPC7ddVzOeJ1eAOaybyJ9xlslFhMUWHwpwl/0U="}},"b0u7KRdwjiUtedHksEl7WSJ7R28XgsFQUuVTTMYpETQ=":{"valueMac":{"type":"Buffer","data":"UBipxzLjjlM++hD0qnShD9D/V6eeNVUbSwOMOr4UpEo="}},"cJlOH8ollWF/vjUXGYCoBvvWFpC+eu+yTXTgrDz5lws=":{"valueMac":{"type":"Buffer","data":"hFd5XOUM+99PUl9UKznt3hs5TyzRWXd5xPRpH17Qtu0="}},"cPh/3u78o9NvlAMoDFdDZq+cQvwQaH0JMwVQRyP/bxw=":{"valueMac":{"type":"Buffer","data":"Gh8Mfx9Gity6Jk6hgBjcO6XuzMhr3lXvlf/FkMkrLHY="}},"cRUHwUO8ifZ0NAWfHZ0XQ70xXoDqjHXPs83nyoR+PME=":{"valueMac":{"type":"Buffer","data":"Hf4cBxD6u/NbKLgIu5oIMV8K0/Dh+TkQwsUHt+mE6Lg="}},"cbWPfil21iMVLrS8eCtWBHOaU+/jTyKztvO0W9D6r8U=":{"valueMac":{"type":"Buffer","data":"49LGhedl6zFqaQqltEv6VKgEfBnQpXKg8+OWQ8djI4E="}},"cphiQs5aAz6S71IgKvrPM4Ple/jVjXPo7h6ofczZXRI=":{"valueMac":{"type":"Buffer","data":"mJYAykG67HWF7/WhFMgB9KR2c43g5f8hWwL47SxRUFg="}},"dOsjramyuplPptdUnVXsypb7S3dvX5zNqqLTG2gtunI=":{"valueMac":{"type":"Buffer","data":"2jqXAe6GHQQ5xUZpH/8mrDoECTRYNqRTo+M07/vxGVI="}},"dmNY4ZrCCc2MSNK9JwRATkDDA++EbHxG+lhTUvUEL04=":{"valueMac":{"type":"Buffer","data":"pJb40Npiht5vf90U1xCORi8DJPyC2oRJXGVcMbv2nCM="}},"duQpnhmgL9SAcy/GgflPnwKC1kTTtIsGR7F/Ss1/ljc=":{"valueMac":{"type":"Buffer","data":"Uuml8RWZIevOpDm75E9j1WQEvsbZ8Znf4Zh09ay8z/8="}},"eAsjxaeQzatIDD/PqUZP+D1c6meBLspR8URVQwpYbeg=":{"valueMac":{"type":"Buffer","data":"iHbH/kgVfwVfmEGFyjijjeZy9Jsgjli0vk0KW3aEaBs="}},"eLqAg/YAE4NA9O0P6mpXjOBH9vErEjzsUzY3OaA0KX4=":{"valueMac":{"type":"Buffer","data":"+OeHsDt6MMcQOf2i0KVPhhi1VQv8yYOJwnDvcMoTRWU="}},"eRQ9X00MMLNQTIySNENGSVqZzg7FJ0YU+YKTj4HBiHY=":{"valueMac":{"type":"Buffer","data":"YIiQCFOZZb/HQyCry7hNSMQ66lvzg13DH6ST8VEQQZ8="}},"fWodeiFiaVM9gDxBFmKj2HFMfwlP3gg2HAvqlA7Ix9U=":{"valueMac":{"type":"Buffer","data":"3s2f50rhexNqYQAuZ3VTgpdWw6gZK7/5bgav6uWkkBI="}},"fXVZkfO5nhQNqOGrPHHdsHYiZ/wbpLmVjr7bHSPdZjI=":{"valueMac":{"type":"Buffer","data":"d2MHkvs2kY4h4BFb7/i8VItoKzf25a8b5r8oas2lVwY="}},"fgNBOxFf/tfJJb/4a1JtPTGzaLP6mtqFwG/SdiRddyo=":{"valueMac":{"type":"Buffer","data":"u1fehuXEq+zM7m0mJFOylTvSRpp2uC4oqHb2jtqisls="}},"fgUP1eH3l1c83a2hB8BcqE5PmDViH0BfjjgNIj5v8Po=":{"valueMac":{"type":"Buffer","data":"qPJ+RPyUNKf+1Wb1OnMn7+0uZy5gedBYSFlIVU7PXYE="}},"fq9PfRljAQU37ebf2wNny7QukCTLVbYcu7c6u404lQ0=":{"valueMac":{"type":"Buffer","data":"UOCwewtD2h1LiZiESWvqZBXyJecqrUTfEXi9rPYcp/0="}},"f0yz3MBqwaJaqJT7nvHlg5EhmIeKfNX/Ld9FO2PO0DY=":{"valueMac":{"type":"Buffer","data":"uSaAtaaMFwlL0boGTupmfTDJzjCPRYTNh1AxCv8zd+k="}},"gTxlOSMGgEv4+evF7xfCSSUGkaoR/M2htPfwqxwA3cY=":{"valueMac":{"type":"Buffer","data":"0GhnaOeocCbUAp1vn+Q7sQtDRX17inNfTul9M6yzpSI="}},"gsDCfEStY/1V6sAz/KkH4gKR3Bd67qBOLi+Y75xdpuQ=":{"valueMac":{"type":"Buffer","data":"CAWoKUaGomG9cb0AHO1f8vhnZ2fZ4L+hiqgSNVrKGA4="}},"gvgTlUgDbXrpRyUYeEV8buKH2pJZxrh7rjwjqrPl/jw=":{"valueMac":{"type":"Buffer","data":"xnI4TVAIlhbqdK121UJIa8w+zbBXXJyMZqsLLnszE7Y="}},"g0M+uUVOjMZooi12ETo3F/WfFXcR/v0uZx6tf+0QifY=":{"valueMac":{"type":"Buffer","data":"M9VqEkkYreQPdEksneoQSwSplebCynee48KdoX6HBrE="}},"hCLI0lmHlEntNGLWkKYp24fjFFPHMybtJC3pDt2hPe8=":{"valueMac":{"type":"Buffer","data":"NoyQ1MPEtIDo+ONtziXa2WF1pephK0NYLP5oFmZEs3U="}},"iDBtIAlYpYE7gkj00NYAgCXO2oODuSozRhlMUyj5sII=":{"valueMac":{"type":"Buffer","data":"+o3iX8NHLEsj1llChYAgn0ckt0G8kEPjnYCABRUGvAA="}},"iXe8Zh9pNhovdyhnTgrV8uflN4Sdq2yf5FDGNBtnYio=":{"valueMac":{"type":"Buffer","data":"JiztePCY6LCkArdxW5/YlLu9O+yizcosNgd0YOsSPUk="}},"irrz52/fZzTSYS2GLRphHgGioeDythXFxnaOnMYCF9k=":{"valueMac":{"type":"Buffer","data":"lMn7liW37ZpXdWFt4XWZ/PmxJi0OsrRU9IwxNbYP0S4="}},"iysX/1pnuCJMO5ey7oxW4RHzd/rXwDYNjtw1gSur+V0=":{"valueMac":{"type":"Buffer","data":"IZi2j8vxS0k/kjbYty2luSCqOtUSeLoWoKGtsplxeAQ="}},"jEf684ZrX91la2dLV750qKeTowZPYv5+wASTl8NUirc=":{"valueMac":{"type":"Buffer","data":"kkkmG2JnaXV4YyeBmWI/0OY5RElOfniQ7vnob9GmLzY="}},"ju5rrpYA902zu06LfRD1ATWko66/YsYQ21X290maZkQ=":{"valueMac":{"type":"Buffer","data":"9yNlKqukY1L5Mg/fC08xX5BPfdnwdVvPOhmnhjYoff4="}},"j7jHWno+0FFrMco15IJ+xGAsNeqfugqs0w5h0ggLLYI=":{"valueMac":{"type":"Buffer","data":"OzIzC8sQ2qhK8qfnHSp1IIEkn/PVW9m51A0MF3+E5T8="}},"ki7UjQh6hWOxxrdpzsAVKCQTjD+0jBHnS1jHejlwUbg=":{"valueMac":{"type":"Buffer","data":"VlaanUEe6zz9DMWTxH3q8yt1ijOAwfImOJha7Iip9gs="}},"k0fN6ulQ60RRKuQ3kOJVSceUVi69D9L6YRufbVrVSgg=":{"valueMac":{"type":"Buffer","data":"DsuM4j0BGnayjy8fs5haS4NT6fw84B35GeToz2LtGtc="}},"k71peX4RWVpTZXecpjw7LlALZvTrx4ebNe8VPSgYK9M=":{"valueMac":{"type":"Buffer","data":"OZqcwFuWz6YCz3ilkjEEDtmpa1ByvZbTjEcGsFgd1Uw="}},"lCCFAxerxosUyAkhihzvZNIppCbFn5oL5gmHRO+6M5I=":{"valueMac":{"type":"Buffer","data":"VSi/hQCLZFASKJyYGWFGGBDXTMJztwJnR6jHVH7Qsso="}},"lNmpNacfWyTkO6ERW3TtsEGAgV+ynQXrpgDJZIwlnAg=":{"valueMac":{"type":"Buffer","data":"ScHBFMe6/A1JnUkySaObUDBtS0OoQK/pGatMTeiYQ+U="}},"l0p6JwhRUhMnsWn4DBS16NH/+mPi3nzKL/GxVa1u0fM=":{"valueMac":{"type":"Buffer","data":"dv2+FtzMF34gvASbChYvEuY+XQeSzo0zJERYFM58w+A="}},"mbeDQeZP9YBe1wBMznDGDmL+KtEzW3lte4FvKHhXCyg=":{"valueMac":{"type":"Buffer","data":"Mn8rcLpseuPpRrGGsANIqShEQbrDAjrVaBiUcjtYnqQ="}},"m07yaw/vrCM3/1liIjzMUpnCugXvQBkZEbMyEh5cnhQ=":{"valueMac":{"type":"Buffer","data":"ufv35u6bIn9KTZRrKXrJUyJGrlAkBwXNTy0BoadUMXo="}},"m7+lKCiR3CyVlujWdXVxwxVycdWb2sTvfHi8GtOeOgk=":{"valueMac":{"type":"Buffer","data":"e1SBgYkyH4GObcQ4Ts1NvN+XFB+XpwUjKiyXW3nMEz8="}},"m8TaUcUF88HdH282xPiNncNmh8mfoS4gO5uqwP0n04Q=":{"valueMac":{"type":"Buffer","data":"j6ZliutaoVLfcbFGep71Jb/hrs+bN2TcOVwXAlMAU6Y="}},"nCfEevqRj/jl4Hfd9t04+oiAw3aMjG58J29aHq2MqzI=":{"valueMac":{"type":"Buffer","data":"xc7tVVf+Ye0YvIpVGvFp/mIkhLje655As3AMBCEiqO4="}},"n7SBp284fRRwc2q4YqLgRQbG8fOMBV9ccjhf/nKeZ/k=":{"valueMac":{"type":"Buffer","data":"Cjow3zPaUP4dw64Yn0eUkPgSfcHiuf84aVi2HHfJr5E="}},"omtaXyakrblrKvoHA5zFmxejml+GuYcllAAwt46amnU=":{"valueMac":{"type":"Buffer","data":"sCIqBq07qemy536XyorFOM63uyAf4XTrcsSvmBiakVE="}},"o2+/ynwz2mHUKV9VlPayCT7nGndVYnmkNGkQp1hcGO0=":{"valueMac":{"type":"Buffer","data":"JOiSQ6IxFrL0F6ZX/KDJ4VI37w6dZCIwI8zvcMOFBiY="}},"o+gdV4EZrsuJR0vI4lhxwpreETfhXe8o6UE51JSwXFs=":{"valueMac":{"type":"Buffer","data":"2lwX4HnKbheWzAwv0wYlwM/azk1qGiRSMmZvWAqOkgE="}},"peNB3H3umZnC599SlzTwlODP17wiiSezOMnEyNTZWF0=":{"valueMac":{"type":"Buffer","data":"5Ts2b+qZwm41ow7+EZ05ZpXbTjfsd6SzF+PVCNjLlz8="}},"pwcoaFhDStH930se3ws9urGaEmVCH8XilQNv/DtDxq0=":{"valueMac":{"type":"Buffer","data":"o9B6cLufBEBouWDahWEjZmvsSYNLC+G+E6ou2UX7Xm0="}},"qPvm+shhMK7NQ//5DnpjZyzaQdbl/7CC88Ok8U72KGE=":{"valueMac":{"type":"Buffer","data":"bJz3++bAoH1lOCAE5mMahgmb98pJ7bBdK+Vh222BF9A="}},"qRpEH9mQDl7Tm8dr26Ao8rOe4GZRDEAFZrpFoDgduHI=":{"valueMac":{"type":"Buffer","data":"QfjuLGcY67kjW2e9W+9MfNFnBymsc19qv0iyK/TzQrU="}},"qr33ymAgVVEEPvlAy04dIvQ3MmlnWEZjnrRDkiDj0PQ=":{"valueMac":{"type":"Buffer","data":"t9Hf5b7UbbyKus6Hazx0r6V8GnQNcHBfpjNe24qIC08="}},"qywfQqMlPTifLQp201Q0yN6FZ2GvMLiCE4a/IrGdN/w=":{"valueMac":{"type":"Buffer","data":"PsQ59HN6ENMOt/cSwKqkGulP5FNbfFIKfor4parMeEE="}},"qzLLHwDRyEZqcnSYU008IT1IVrEUnzTkoMSkHKlux/k=":{"valueMac":{"type":"Buffer","data":"xPtu8CHD9pWq3/mEEfgmX5QX2CfirrKLjRnbIrCuK20="}},"q/GYuCt2sVJhtmxVVA/H+lmUcLeQvO2tU7en1EGtFJA=":{"valueMac":{"type":"Buffer","data":"kUJbY7SMHthmIpt5WLUqZBCZf2izGa+rFuwEm7n1s4w="}},"rFInWWPrfMfNYF52y/kbwsifugMwcZpdkIYOgJOIzTM=":{"valueMac":{"type":"Buffer","data":"fukHv5jo+xLYCmzzlpLVWOkuVtnc2Yim/bmkJe7CFws="}},"rPIHOARUotH7CXrTNJFgRuTZZBWwJjsCFRqF85fzQ+4=":{"valueMac":{"type":"Buffer","data":"4tzUNJQ2dUEqO59Tz4BG8am7fTg3Qh95gMXfCLNKvf8="}},"rhGswh6bBrZAAhgl2eOAvRLmAsGsC7KRvBRMYB7uHYA=":{"valueMac":{"type":"Buffer","data":"4bDTCV2ARkz49q8d6EAzL0LYq1WG7/GIYI5wIqwBTUw="}},"sMkobRcuysYLXgQWUbaBrtneukLEx7zxyCU2xSLCxvs=":{"valueMac":{"type":"Buffer","data":"XpapP/aBBbV8psFdHIw+Ae6uAAfh8KiSby9v7BD8/RE="}},"sUB8UyNKkrQtxVNuljDtMqebazTkQTG3L6OUakf6puc=":{"valueMac":{"type":"Buffer","data":"YaSfZGd8AnNFsylm8U3S8l+yTxrMUQaY3+ih7dTuap4="}},"su4A9sw6KhHAqcHYWi2ORRx9ILPnSF2GgQp+yCgV4RE=":{"valueMac":{"type":"Buffer","data":"U9NIoX3l9xvyoDHBvzEMZTOGhuxW+alUfkOHLf8iwI8="}},"tCuzxgibFYYyQ+2y+o2AGCgIdHQmKFdNQs/Lgq56rDo=":{"valueMac":{"type":"Buffer","data":"SiUDMxCSZjQAGN6XN+M9+E2f4qIBHEqvKBQR/pDX2ks="}},"taVo2rXByMPEgfFZAKpn+RyP7BociMewAIhih30Mxrk=":{"valueMac":{"type":"Buffer","data":"CAfRrk4LM24G60MVOAzveI5WO4SCOV2NxwTI/oLCNEA="}},"tpISs1QCN8mSVJ3wsflBZbeF2YbHeDMU3mf06qb7uEk=":{"valueMac":{"type":"Buffer","data":"ZuxNhSvrnI5twR9fNCZvrFloajmaKDYCU5E2KLuaqMU="}},"t2THFdxIM+32Urxm4k9P+8AHMqD25e8HQoPtl2Bz3/s=":{"valueMac":{"type":"Buffer","data":"+pg3aFADgrT9ZbQzIijVa/cxx2XXitqDKU3fKPNwLYc="}},"t4k55TfD19M1ndF6JqF+6eZbzxKSm+XVoBDr1aNNEQo=":{"valueMac":{"type":"Buffer","data":"0ot9Ns1L9AjHGWDtK1444rImykh69vsJDt9y1nWiGT8="}},"uD/OE1jYnAmv9UkVldLV/ANL/WMKi7LiQPZ+fwNofss=":{"valueMac":{"type":"Buffer","data":"3tbvRuQxD3hLx/Uyqb1NsZKUzNqGKIh22suYTbrvCos="}},"ulLv6fHkjP3inDCXFzwosYjf994ofTS5psOsBtAm5y8=":{"valueMac":{"type":"Buffer","data":"XczDCCTrhQzqoqNksGf5+nXuHQfP6yxHM5v9It9/Pio="}},"vICYHsjn284pIB6gA9pB0PjcTaco5VTlP5Q4XZLZhUk=":{"valueMac":{"type":"Buffer","data":"NV29fiUC2e5LtSWQ7US9GNc6adxQj/oJHQTEUZGbSrc="}},"vvgs9i8krF3nODs6AwXoR67/4osMfZp3dz9J82GdKe0=":{"valueMac":{"type":"Buffer","data":"xEEHoaMfhe26989VU60mH8VQpu1OStQ6/9Cvoq30Fwc="}},"v37LiYF+pusee9Iv6DVkRYNLNKMqqVdlC7noTqFNahU=":{"valueMac":{"type":"Buffer","data":"plMOndpO/EOrvgjKnjkx/YosS3i7MWkNjPFPK55rKmg="}},"v6UNpICdxFUoR3JRqG7RtzizHtawQmHmP+TUN8Y9iQ8=":{"valueMac":{"type":"Buffer","data":"wcUOzbIcG+ZDjB5KmpClKLvux2M0Mp15AGm0tZums/U="}},"wjJMmTQhIrq6I6U47iyrUr3546XWMoGlgV+7ibItvo8=":{"valueMac":{"type":"Buffer","data":"tT2FCZGe8+MTE8Mv9IfYiImUK0lBz9TDJEyBL0g9JiY="}},"xAxTDR994c0ReerIZalU0661hR61MWTklJ9YN/mz+tc=":{"valueMac":{"type":"Buffer","data":"SQKWmcPFlXDihvUjikfO4k1+Ng6UDSHMB3i/ndgS8yE="}},"xLQFHnBXu8PnjTsSS7VHUIShM7gowOCdoVtFSJFD15Y=":{"valueMac":{"type":"Buffer","data":"LojGSKQHZ0ionHuvc97EyNckzIkTR8EjdtHCibSEjk0="}},"xVsnSwks1MDJblZT+gZHuD+xDDFYgnvakNmq8yW3yLY=":{"valueMac":{"type":"Buffer","data":"UponXS2o2oSWXcW02f0McgYk91nwEXPjjJOP0Owe8nQ="}},"xriQLADzPjs/vllb9mPsbCJ/ec2p3vp6y8wafDWhGxY=":{"valueMac":{"type":"Buffer","data":"8q7e5DtA0x2mYGIIGkjmRmZ5S7AQ4Yy0iN+DXLzZMr0="}},"x3WS8VpGqoBeCuZXqTlHIHEGGLK8MBscVvVknitjMwM=":{"valueMac":{"type":"Buffer","data":"AIkf+JpVU9XEs50ZFyls37YsCjVyPklkfCTMiyq6uCk="}},"x4sPLxrlUMVLWHsKAsH3dJVB4IvSwFlgMmCoW94r0nI=":{"valueMac":{"type":"Buffer","data":"QuQTmYvESVM3FgRqHyrvj67f+VnOr4ykGKiNOyS1Tek="}},"x8yVXcESlSqIANuQJnBjE78/zEvpGlY6nRPpAj3sqhc=":{"valueMac":{"type":"Buffer","data":"PWl/taKSTHShXFKArEzI89v8ts5NaZc/3gtuxUwvjIs="}},"yMgJdZGbUOHE1AbzX/mHRUsqjgcKU1W8kEviZN/EYEE=":{"valueMac":{"type":"Buffer","data":"AwqPwg3f9MuAOu+qvQ8AYpL5zACEmtFefmGcucuSW1E="}},"yPUpXIYfxJSwB3dvM0aYAidBh2rjM6E3H/Bl+i33bvY=":{"valueMac":{"type":"Buffer","data":"TppTNNgCMuiEMfOalEuAvaOdW5sX8vdIRwH3PJG3240="}},"yUwRo82QPFLb9Msxzx3AKtNyBTm6b0aMx8ByiC07Ojo=":{"valueMac":{"type":"Buffer","data":"1apNAPg9Hfsy67QqEkWe3MtR8pWsuckh+i5fXqmytSs="}},"y5tGNZ8JWbWUdmqHht3MbUjuNAJg3LQmAcXTfRwZgkk=":{"valueMac":{"type":"Buffer","data":"vse+TvynlLodcmyDVkGmpSdAWQEvK1Dk6PW0cWM29t4="}},"zd2hJlsddgVHmUuo6wCcy07wdX0Ab1GpPgJ8msuUpnE=":{"valueMac":{"type":"Buffer","data":"zXsdp5HweIH1txFlRD6PdAursnmhSZcmTKQpMavZoWM="}},"zh26s/D3qwLKvbI60Dwl72OTyZM36auyus1vwCIsRf4=":{"valueMac":{"type":"Buffer","data":"DwcKdEFDbLHO4R+MbmK6Y7bYI1U+iimF+IXnkeNHxYU="}},"z7+mZ1m/qHuVLK8rYK4CE/HVZxo3GjeTCGAZSfTIdYU=":{"valueMac":{"type":"Buffer","data":"Sgk/8J+kkFuwWNGVS6RDecc0UCPJs1POuctGjL8TqUk="}},"z8DtTwxil/CPxCOn7ghr2wj4oYPmsVnw4BAr1GyVTks=":{"valueMac":{"type":"Buffer","data":"4dRo26/IDCVzTdMz+5RWz5MAl5/QXQiZWtG9SI+dsYI="}},"0CU4ll85K6/h5NixgjC7hL5Pa8nevPUrvt3zZ+gDIvY=":{"valueMac":{"type":"Buffer","data":"657qdiUSc9vySZf5kmU3E6LZHT/QBoYgwGt7+os8Gyk="}},"0LKVbCercKRXZ3rQLo7JYlf5jKouaPDnJbBL4AM1Lhw=":{"valueMac":{"type":"Buffer","data":"J7GUCPeBhlkfKKwQwGhsT5ORo2lQPYwMYQFqCILSDCM="}},"0xJMGrrEXz1c/TicMHR1KocifcwejVQgXPybLOzqxv4=":{"valueMac":{"type":"Buffer","data":"Zx9uAwpzsrB0ai2MpmRCO9YsF7/j3Knazu4/cx1u1P8="}},"09+Yu0kP1Xqgzu98vWjvwFo2DpiSz0cyanZMxiGjltI=":{"valueMac":{"type":"Buffer","data":"KgZcJMlXiplQy+h9JRGQGqt945OtBlW6RvpAZ29HCuI="}},"1FgMay6CdwVJHEbuRzsggZy/C+vUABUKvSjNdnOKpjE=":{"valueMac":{"type":"Buffer","data":"TOJ3sNvWYDrwxLlaN5Q8jKqzIcFpOHjgBWmWr6hZlws="}},"1UPk1O7tBU23emnDdlT8YRhNBXOr7qdwVv4PilI2J44=":{"valueMac":{"type":"Buffer","data":"wW5mx5/3fR+Mfk6f06vF9G9PkfwdnQvdgnb7vnbqBu4="}},"1Wyz6BFzNr22DM2TJ2HgdyfCu/31P3DeEBvqxo7DZqE=":{"valueMac":{"type":"Buffer","data":"fDwmqHkRlfllsKbHMA2Ffk3loFWAhVPHl8B4qLeuJ8c="}},"1ctvwceIyNRmvueVGru8Bj3EoYbV3fiMu2ZKer9vdwY=":{"valueMac":{"type":"Buffer","data":"I0+oQNN9d0ci9zTqWT4piS0HJJP7AqH+xjJASmp9OBU="}},"24YXod1ScmMgcAmBrvWfacGMSsK8FWq0RflDgvOnTkI=":{"valueMac":{"type":"Buffer","data":"hN6rXLLcQCVFjycpsZa2oH+872wvLCo1bPgtLQPK/Xw="}},"3pKIol0dSeEWUEl2qZfpBYlDjHPEWhq8Uig1cAkJhcg=":{"valueMac":{"type":"Buffer","data":"DPWRT7WXHzOAANYZQ6bN78O2stIph1oGeCJvA2v8i6E="}},"3s2o/M9Y5HIH4k9i16LoQZAnr/hTsf8OTpzGcGsfBKY=":{"valueMac":{"type":"Buffer","data":"e93/VZULM2zDI/ke71HFs3UwLO7c3RXAOD/w79ra5JY="}},"3/vz/3e8aE0oPGbXTX6t55+A18Dxnd3YgufDxdQ3h90=":{"valueMac":{"type":"Buffer","data":"3oGu7APjCycL1hV+4axAK+K/YFHqa5T7rDULhCvwH3o="}},"4R+leNYKb554Kru8IzjH4VatvjoJ/LV4x/qILFrWkIk=":{"valueMac":{"type":"Buffer","data":"W9juwPqhqzsb/yhc8qBHbmX//ydOZfKgwihf30pO2Bs="}},"4YOE3OYyF6K0kgGan+IkHP+XBpNALZm8mbfcmX4JNYc=":{"valueMac":{"type":"Buffer","data":"2YtYMRRZ1V+S8zLcw5FoSiJrRTZ+jQxDLAsJBkvt2sM="}},"4q5An7bDzVP2GXxdB4IRvmGGKae3xfVdDyzPIeI9jMI=":{"valueMac":{"type":"Buffer","data":"GeTuOS2XGQgnZHQHVMPHBBg0rB+E6BEVcz1lTjNrwVA="}},"4rNX8a/Y2l+zdA20Ol378/5Hl4Yje2Gi6M5F4+i1KuA=":{"valueMac":{"type":"Buffer","data":"Sr2CddNYvIrmNKzIlpbR8Xb3Vr61QvLsHdmz/o3hNHE="}},"4ucBbbJFciewfh017fVikls0Il9+1QZOXaQDHyXqgVk=":{"valueMac":{"type":"Buffer","data":"fYug1UuFFMowJ2CG6lfbLZ0UoCHYPALDRbFqEGCdLgE="}},"4+qgwEg5wcgfcXsD+Y8yRjY7IY9KFXlUIIXb+0CmEn0=":{"valueMac":{"type":"Buffer","data":"VdC+vSFOije1j0sGzyaLMFHjDiA5BQDRf9vJNkgphWc="}},"5NJl1L/dWcBvTEM61Ufjbehv57fAtVQCC6ay7qwWBHQ=":{"valueMac":{"type":"Buffer","data":"tdWnX58Zg6e6plE6iogwvrEdFfUm3UozRwL3VjULkJw="}},"5Ok9C/WmgUJzX4U15yfdqk8I7pahJCu9KZkIc7jdDe8=":{"valueMac":{"type":"Buffer","data":"WzJFg+gNkQnDq1QhvgYYF815DM9aAMBhNwTA/kmHEas="}},"5P6kW1kZ0MdU5AfF0dYK9KxYvEXfabEwwM1yhGHRdTM=":{"valueMac":{"type":"Buffer","data":"PngsfKOkbmSAIlXZO0AHdiltyb+uCPl4jC30bo9CBUI="}},"536RNwqXvypd0ojIGvWtgHTX+kJRIdP3pR4U/v7ODQI=":{"valueMac":{"type":"Buffer","data":"a6EIArbr3+OvD5kq0j34aOZ0aHeAaTCSEDzyqDpSc0E="}},"6Nh03fyKCYCin02vzmK4EaFTSgABelmUlEdghTL1hlw=":{"valueMac":{"type":"Buffer","data":"RpWFRL/d5JCNcgmaaBhsAIhcUH7DO5jomb9PMoQ/OUw="}},"62iHcmqemEzygNSH5+Ol0Lcag3ft/7eKk2W6PL4JHoI=":{"valueMac":{"type":"Buffer","data":"vdVF6tZDiXuw7caeX67xhoLyjlAYEsvT1/2R9FIu3qA="}},"63ZbXyIfvp09aRq6/cOH7SnpqyHnw9asopBUWeaTKTM=":{"valueMac":{"type":"Buffer","data":"ChfZMTtuEpt2+5vSdIMxVNnLF/akVfq2kgaIsUK7gGA="}},"7RVjdvWNNvKv8f80IbmhfV8LozloLBLuFF1XxGwajnA=":{"valueMac":{"type":"Buffer","data":"dSmTL+r4qUybxJ/BIt5UfZyTB2Jbw4dKYVHoFuYNn1E="}},"7uUemdXvS6QXlePOyhbI30NvKDSGBmRSLmOVa1bsnyQ=":{"valueMac":{"type":"Buffer","data":"Yk58Hr0oxCRa2cr2Q28nwYW6vDrN5fa8oxvSfT/OWvk="}},"78i4QzI0mji6LVcKJtAae9qzPy3yBj1EfKmoBL48Z6A=":{"valueMac":{"type":"Buffer","data":"FRWXZkplj2Cz0bpZyENu1rAmtX0igww2+/CFUNJ26hk="}},"8BW0SUIQLtOsND1Dk73yqeTkZC2ssbY3kYawuAyo/4k=":{"valueMac":{"type":"Buffer","data":"X0wfzGoMUj40ux8+X0NvaeRohJaLB0ODS4S7Eze94lE="}},"8MuAE0HFBCaIIHIqSLg66RulTkFHdwSJu7z+b58lYJ8=":{"valueMac":{"type":"Buffer","data":"WMJkbwTyg8xOKFaDK+eVPmcAlE5a0G4ZtAvjSdcojoM="}},"8Nf4mO4M5OEgAKbAJ7HPOYtzST1QOr0+lBEuxBEMT9I=":{"valueMac":{"type":"Buffer","data":"WcEsY1Yx2VOts2rnlDZBwACrWHSx9NAz8p2u6zwX6Og="}},"8PvHmecQTjTCYcwo8NCULGloU/0QHEXLjKjfAbcytxU=":{"valueMac":{"type":"Buffer","data":"s9qYTx4co788AWK5wGp0oLoGUSJiwMDlieTtwr/30ZI="}},"8Wgjy+wlBqAPtpyoheuf/0swVt6OlAVJXzzWuSnOGuw=":{"valueMac":{"type":"Buffer","data":"jyCm34PUHb8MoElERr3k0vTJpTohc/gpRGvok0HrNYw="}},"8WxuvYfq/rq6braCk7kTPi7R+44PfPNX/6HNrSM04is=":{"valueMac":{"type":"Buffer","data":"Zf9eu0kUZnvcUvGyi3LyrAk7D43LiDPGutnUsWxlcpA="}},"8em4uIMpuM7wtLLRgM+ljnwRRbKZUPmQ+x6kuAsQggA=":{"valueMac":{"type":"Buffer","data":"BRwqsTsHQDEoUB/zQ6UYSp3KO289qqV5UGeTattq1pM="}},"+L+L0ePevLyfh4hHu83ONZkp6hpfK39rftUUSwJiXSA=":{"valueMac":{"type":"Buffer","data":"/W1fDaZKHod6/1R/kSG2FgIna+03Bq7dEABBxhStYZc="}},"+VVOUMR7JpMzyfVMdr+Z8PmhkPvbgkZUeg21A60TYK0=":{"valueMac":{"type":"Buffer","data":"87rUDyBS83EyiQr3hESM94zkKF7s/VpkU5wC1+Wj7do="}},"+j6srOl6Gaagm13MwQnP+J25/oDv/LsPBsEN6O0yblo=":{"valueMac":{"type":"Buffer","data":"ETr0qJPzPo7cbEt/kbrE7taFp9S7rL1xasFRSs8+nJA="}},"+rbBIG6x4Mbc3+43Y6RYVV40kDJKe60p25rN4DEN6NU=":{"valueMac":{"type":"Buffer","data":"D82Kfa2CbUsXgaNbpLzm6NhEYA9+P4Zf/RUzLaKEoLY="}},"+8x4OTColoJfHtZ2vyQM/8WPzvrI8xNchEwtmNubgxw=":{"valueMac":{"type":"Buffer","data":"zjvN6PsQRE1RD1HZuzkhZk1Gya8Y1RZvL1cFK4xASaI="}},"/AgA+7DruWFgv6oJd7iZitin6FNcmLIg7Xy4KzHcuXw=":{"valueMac":{"type":"Buffer","data":"GQtLHa0XdoWCjw3C4qQf4Q6i6ceLgFKjnjU70+2iAtU="}},"/F4mjjDyvlXXv+Y42DYcxZNA+mCKdxzwX9twT0SoOkI=":{"valueMac":{"type":"Buffer","data":"Bqq7Ce1eV/GtLBQ0zuhwD9o8zVEeeODqALdY1kUxAKY="}},"/GcJ7pU44CQEmsKG3keut0TM8nxj+z0F4lEDkKA83wg=":{"valueMac":{"type":"Buffer","data":"7wL+s50u3S90l4SnPbvytKoyB8Fpy+wCjgO/1shb/bA="}},"/HwbyeAwVQom3w9wlZpGRj3Ia4CwF+YqY9UTHeRYyps=":{"valueMac":{"type":"Buffer","data":"w804F1OGa1H82mf8hm5a45l5VWii9Mx+r1ZxVM34oXo="}},"/TNSpU4n5pWifASFCXvu/FETv5GIYzfpuJDmQcNqI7I=":{"valueMac":{"type":"Buffer","data":"oWC6ZZ0GeCh94ufQTR9+Kcdgox0tnVquXEfPpJjGUwM="}},"3LCoJUKyXI5vun9Lp/4kxP5lhAzrgC0J7voj2de5wDs=":{"valueMac":{"type":"Buffer","data":"ENWPv2a7p9s3lyRvMrHd7iRgq8UT5WPSidTDKVBZoow="}},"Bl5hBiEqbTQerh2n6uWp4JFXZsWJe+iYkoFhn9fUCng=":{"valueMac":{"type":"Buffer","data":"5t6yHEMqkQURMXVxkZfQlEgIOsMRbjs4ER5Jds3BEJs="}},"LaP8MOHeKsKHfMn4NhHOyTVUjwHLE61axuwDlaDrvps=":{"valueMac":{"type":"Buffer","data":"flFMB7Ib3nfAOBNVOwSC1qTXwbp9qF4dsz7sGBBb0b4="}},"Ga5XKBnq4bfODA3qtkthj5v8eOD5vxh6yGtxYAaIKxA=":{"valueMac":{"type":"Buffer","data":"YJFDyYagzBdka627MUnMA3xqR2x5pI/z8jzKLE2Uxl4="}},"ksEfDZiF/9SaWt7c9y8BpgthjU+wldf2qIFG5/SDD0A=":{"valueMac":{"type":"Buffer","data":"wTjjsbSuMZF2sGEDE1ZgJ/X5OAGFGqdsLRl5MvjGBhk="}},"slcSa8E04AuOde0PPVKJt1pJHOvWgB252nGkFsjQtmA=":{"valueMac":{"type":"Buffer","data":"Dd9rFqZ9V6jqjlFrV3NGCrET4fvS7YeCcX8NDsATki8="}},"2VYtrBLcQAvEkxCWhW+Vi4rRG4H3qkG8Bd2Ct2+uYeI=":{"valueMac":{"type":"Buffer","data":"i9Q4O0zKG1BOzOs1eArUQ6uFZitRVZ+JfkKq4btCb/g="}},"vWOBKQXc8KtfpaUO0YaR546pa74DWW1A44vTg8/pc7c=":{"valueMac":{"type":"Buffer","data":"nHxGcvSNEOo0nIvZIPZFUUPr2czG0rIynXI3zvnUYdk="}},"twKeJi9lIW3RAgubmdCQTN0EVqa6C4wzbbkdfDE98GI=":{"valueMac":{"type":"Buffer","data":"pvQJ+ctucbNf31wid5cbVTD5VHSQBjNpTVQ0acgUs1Y="}},"eYQCjxvz5X9wp3Qd4HE0nr6PSeH9+T9NhVRoAcRdWjg=":{"valueMac":{"type":"Buffer","data":"D9yAeWn1Fg2yXRUnwc58km1aa1Cx6jx8PmNHLaDIRx4="}},"OYVkl4WXW2cSF0hm/DyproYFq65bwa6l0Rq1n21gcss=":{"valueMac":{"type":"Buffer","data":"oNslTXRwh3XRJjaCK4GmtBjk2Vvv1X+uR5DUS8Mh7Mc="}},"/YbAkK+tRSNfBxK9k3VUxxcBTPk723QJDxwqQKkw0hk=":{"valueMac":{"type":"Buffer","data":"jk01wVKs2oOTWUYvAkaK6eqbcllLrBWbyW5ZB5NdJS8="}},"RCe5dVnGrMtiDXyZqIygOAcicE869//UbdrA/Uu/XIM=":{"valueMac":{"type":"Buffer","data":"brr8Zj667a/FQefGnoiuKPdlZCL9K8YgiLwKjfRjo5o="}},"PSqliUSVkxmS1ib8XIcPJSpDp0dWNvjMi6MIc+SVOg4=":{"valueMac":{"type":"Buffer","data":"mBaqkNSsLjGP1KnkBPP4F2Hia750Fvf/zS6poSgekCg="}},"Oofe+8p1Xsf0YWkj4BV9RK3ZgghwTDqxz08LDAzeF08=":{"valueMac":{"type":"Buffer","data":"HciEuNo0HxrZdgFmWUdebWkws/BE99u+aqxCZmrt0Pk="}},"9CIpORORzEMLfL3NHqR8l+z94V4y+VA02q9uUjPi79g=":{"valueMac":{"type":"Buffer","data":"zkTvxO4HJ70BfVEGzWChJQ+PTYVMuQoQkhKtAF6YrVM="}},"x4K3ais6endOjkR48nN6PdN/wnjy+EcpiRQIdQ+B6DE=":{"valueMac":{"type":"Buffer","data":"8XSHPOoCZQnYUgoDGdFLIKJh2cTcuXwP3RJWsanuFZA="}},"HuEspqDH0BJSTGB+1KusLVjs/NrhqnUh6bZyqG+FQLQ=":{"valueMac":{"type":"Buffer","data":"lXN45VK8g3Kw4u//w2p+JodbmtOnefYKuzBhEhuhRWc="}},"1PidfoEuYYdQFVey1qM4CDTnJegNRA14Aas4IThMcBY=":{"valueMac":{"type":"Buffer","data":"li3xO8iPxAGzUVmJfH6qi3l6vJWwxQrofxXQ79B2ueE="}},"1BeslLcRojfSzO/CN6+dKbwHYZUVMASYUQciyXOg81M=":{"valueMac":{"type":"Buffer","data":"vBS8kCftOTSdZyGJ3DMKp+0T8Rr2XzpvD9oHWHJbcJ0="}},"lFuw5g7ejeejysGWxqRBl5azQXTo8orr/P/RxFIFLNU=":{"valueMac":{"type":"Buffer","data":"rPjOL1rJNGFA45GYOEW3VBIckDmDiLWr5OaoW5r2GSk="}},"iNEFYeTgXiCgdwzD2lcovZegSUvQdWnidBeVTBEkMiU=":{"valueMac":{"type":"Buffer","data":"H4AR8uCvgF83j5gKf7hkgsnbZ+RdNZuvndtayQsSeDo="}}}}