{"noiseKey":{"private":{"type":"Buffer","data":"WEMOSNOucHQyxOkjDOTXX23PDJHU+pudEhZJE3wAVHc="},"public":{"type":"Buffer","data":"aMmq0KWsxyeiRG1HyEMymDDbQhz2/cAXBVHpbmkG7AU="}},"pairingEphemeralKeyPair":{"private":{"type":"Buffer","data":"2PADg8tL2RxdP2pABZMp8J20aU4lt4q9NSeU6ei2xFE="},"public":{"type":"Buffer","data":"8srsF5IP2ZZWM8Sgn7jtXxY/tc5pdGT5aSb+iY5XIWg="}},"signedIdentityKey":{"private":{"type":"Buffer","data":"YJqieDXGGVUPk4rMTYgocjZftUQYB0gU/5j53UuuHXE="},"public":{"type":"Buffer","data":"KBFCW/tZjavcyMz/sYh4gXRgKrl91pGy4j8g3fAZZRY="}},"signedPreKey":{"keyPair":{"private":{"type":"Buffer","data":"ICPOoiRP4eHrnD4kv3gwtWDTtMFsGnZox074yI6T2H4="},"public":{"type":"Buffer","data":"vs9f9/zAOwYAC1C8TmxhZTqfdDA9e9OM1n8sLGeDnE0="}},"signature":{"type":"Buffer","data":"y+w9ZEw1s3MMumZtZcfGyGV815DksC12BmKF/1zlPWQ7Uk1wbqbs8XIQgvcjKcHtim9wqvRZkpm5IWqQB3OHAw=="},"keyId":1},"registrationId":107,"advSecretKey":"XWi3akFsqtf9fFZZRcHttjIsZI4o/MySi+VFkgKr0hI=","processedHistoryMessages":[{"key":{"remoteJid":"919944248527@s.whatsapp.net","fromMe":true,"id":"325AC9D7EB3B5F63E0D71F1F9D313E53"},"messageTimestamp":1753808716},{"key":{"remoteJid":"919944248527@s.whatsapp.net","fromMe":true,"id":"C2B8E040EAA93BDD988F51AE8C1966C6"},"messageTimestamp":1753808717},{"key":{"remoteJid":"919944248527@s.whatsapp.net","fromMe":true,"id":"827C467F1A6A60C8FF55699F3130DD39"},"messageTimestamp":1753808739},{"key":{"remoteJid":"919944248527@s.whatsapp.net","fromMe":true,"id":"2703C0D63FF4A4D4BACD686D4FCCF1E5"},"messageTimestamp":1753808740},{"key":{"remoteJid":"919944248527@s.whatsapp.net","fromMe":true,"id":"E445BDAAC291CC7265EC78883098A295"},"messageTimestamp":1753808742},{"key":{"remoteJid":"919944248527@s.whatsapp.net","fromMe":true,"id":"87D52C401A078AFEFF3EBECB3EA8673F"},"messageTimestamp":1753808746},{"key":{"remoteJid":"919944248527@s.whatsapp.net","fromMe":true,"id":"B9F5B9C45D33B8CE7791C2D56A3FF5B1"},"messageTimestamp":1753808752},{"key":{"remoteJid":"919944248527@s.whatsapp.net","fromMe":true,"id":"9B1ADEC55860B265A4A16C2094418DE2"},"messageTimestamp":1753808752}],"nextPreKeyId":31,"firstUnuploadedPreKeyId":31,"accountSyncCounter":1,"accountSettings":{"unarchiveChats":false},"registered":false,"account":{"details":"CNWNkosBEML+o8QGGAIgACgA","accountSignatureKey":"iojXn3QucQ12zyTHeJ/PM/9UWxM+cKNDY7huLHa9yXo=","accountSignature":"QpIdt4hcBX+NbRS/o+ZPtkjneszT/iOCiOK9+x3a8BD9exBY1PttF+UfT92gxJs+DgilG0N/yhKqaT+I6lGmAQ==","deviceSignature":"ZselB2BKvLqrK+YOLaFlOX+K9TySoEpVLg/pFf5tZCesHy90VjKKhOwhRLqmGBs9LsD9tK8z9n6LeDcbwb4sAg=="},"me":{"id":"919944248527:50@s.whatsapp.net","lid":"25507945021642:50@lid","name":"Santhu"},"signalIdentities":[{"identifier":{"name":"919944248527:50@s.whatsapp.net","deviceId":0},"identifierKey":{"type":"Buffer","data":"BYqI1590LnENds8kx3ifzzP/VFsTPnCjQ2O4bix2vcl6"}}],"platform":"android","routingInfo":{"type":"Buffer","data":"CAUICA=="},"lastAccountSyncTimestamp":1753808711,"lastPropHash":"2MFKPQ","myAppStateKeyId":"AAAAAJpM"}