{"_sessions":{"BQTk2QRwDXTPV8xc8rPbbHUoDXI6rbwS+8OPp1TDll0G":{"registrationId":1183634995,"currentRatchet":{"ephemeralKeyPair":{"pubKey":"BU4/xbvHK9SrwRhooZBlZCqWDdLOnL9GqGB4kC0TAu8c","privKey":"sFNc+SZL+PUf3drwZfzYrJtMq3T7oeO46KFJJfJi7WQ="},"lastRemoteEphemeralKey":"Bf7iI9tkDFgxKbogdOAgmiechZg1PniTFCu02Vr8w1EM","previousCounter":0,"rootKey":"Yi7Ae1Ittxm4Z7+K7sARpt5+pN9ZNUMLiUrqy76BPWQ="},"indexInfo":{"baseKey":"BQTk2QRwDXTPV8xc8rPbbHUoDXI6rbwS+8OPp1TDll0G","baseKeyType":2,"closed":-1,"used":1753808713465,"created":1753808713465,"remoteIdentityKey":"BYqI1590LnENds8kx3ifzzP/VFsTPnCjQ2O4bix2vcl6"},"_chains":{"Bf7iI9tkDFgxKbogdOAgmiechZg1PniTFCu02Vr8w1EM":{"chainKey":{"counter":11,"key":"wStnhX+5Dt/CZ6AA+donHYJr+xhPeEKLw3/SW4/BG8g="},"chainType":2,"messageKeys":{}},"BU4/xbvHK9SrwRhooZBlZCqWDdLOnL9GqGB4kC0TAu8c":{"chainKey":{"counter":-1,"key":"40kARbdYAfI6Kt1F3gos3d8sKi+4DzC8AH8sB4MumFc="},"chainType":1,"messageKeys":{}}}}},"version":"v1"}