{"_sessions":{"BbPozRrz92NWi5ZMymihiKFKBUw1wnIcuvowZx0uHb98":{"registrationId":1968,"currentRatchet":{"ephemeralKeyPair":{"pubKey":"BV+Rbpp5qEv2xyRAoO4uoASWx6WeIm5CFoT+8TBbavtQ","privKey":"iG3Lel1vhuQzjShAr3GM03n3j2UzalQzbSZ666aW3ls="},"lastRemoteEphemeralKey":"Bf1ubB9BRw4F96N19JxSywMqDOgS5sSxQ8xkfkelskhh","previousCounter":0,"rootKey":"v/agdk2J1iLKJFa4TmJenDYvWzb5WZTdXAXXoVfvSUs="},"indexInfo":{"baseKey":"BbPozRrz92NWi5ZMymihiKFKBUw1wnIcuvowZx0uHb98","baseKeyType":2,"closed":-1,"used":1753808938136,"created":1753808938136,"remoteIdentityKey":"BZr8LYxwyv3VlOWYcunxtzLSUB6Ej1JNH22SFFSXtYFz"},"_chains":{"Bf1ubB9BRw4F96N19JxSywMqDOgS5sSxQ8xkfkelskhh":{"chainKey":{"counter":0,"key":"c+Pd+Wy0oY0d082/5v+5ZrCpeZvOhy4vB2iS8li2Mz0="},"chainType":2,"messageKeys":{}},"BV+Rbpp5qEv2xyRAoO4uoASWx6WeIm5CFoT+8TBbavtQ":{"chainKey":{"counter":-1,"key":"GMUSzn3CsZoeU4vPhYqj8EW3e5sfh+Pp9nha0zUQuY0="},"chainType":1,"messageKeys":{}}}}},"version":"v1"}